engine,config,cfg,pass,shape,requests,errors,req_per_s,out_tok_per_s,in_tok_per_s,ttft_p50_ms,ttft_p99_ms,tpot_p50_ms,tpot_p99_ms,e2e_p50_ms,e2e_p99_ms,worker_cpu_s,router_cpu_s,file
vllm,tp4,vllm-tp4,1,c1-i1024-o256,16,0,0.71,181.4,725.7,43.6,89.1,5.36,5.36,1409.6,1454.1,0.64,0.49,vllm-tp4-P1-c1-i1024-o256.json
vllm,tp4,vllm-tp4,1,c128-i1024-o256,768,0,18.99,4861.9,19447.6,708.4,2207.8,23.52,24.96,6701.2,8253.9,7.25,12.97,vllm-tp4-P1-c128-i1024-o256.json
vllm,tp4,vllm-tp4,1,c16-i16384-o1024,48,0,1.1,1128.0,18048.4,1948.2,4994.2,12.25,13.86,14482.9,17862.7,1.53,3.82,vllm-tp4-P1-c16-i16384-o1024.json
vllm,tp4,vllm-tp4,1,c16-i512-o4096,48,0,0.43,1766.5,220.8,362.2,391.6,8.96,9.17,37062.5,37522.9,6.04,10.18,vllm-tp4-P1-c16-i512-o4096.json
vllm,tp4,vllm-tp4,1,c32-i1024-o256,256,0,8.02,2054.3,8217.4,613.7,2671.0,12.39,20.52,3724.2,5932.3,2.76,3.58,vllm-tp4-P1-c32-i1024-o256.json
vllm,tp4,vllm-tp4,1,c32-i4096-o512,128,0,3.84,1966.1,15729.2,905.2,2354.3,14.56,15.89,8271.0,9917.7,2.57,4.33,vllm-tp4-P1-c32-i4096-o512.json
vllm,tp4,vllm-tp4,1,c8-i1024-o256,64,0,3.45,883.1,3532.4,201.7,376.2,8.29,8.95,2317.5,2339.4,0.97,1.2,vllm-tp4-P1-c8-i1024-o256.json
vllm,tp4,vllm-tp4,1,c8-i32768-o1024,24,0,0.6,614.6,19667.6,3030.1,5823.9,10.06,12.03,13280.9,16091.6,1.07,2.6,vllm-tp4-P1-c8-i32768-o1024.json
vllm,tp4,vllm-tp4,2,c1-i1024-o256,16,0,0.71,181.3,725.1,44.9,87.6,5.36,5.36,1410.6,1454.4,0.54,0.39,vllm-tp4-P2-c1-i1024-o256.json
vllm,tp4,vllm-tp4,2,c128-i1024-o256,768,0,19.04,4873.7,19494.9,709.2,2338.8,23.39,25.38,6668.5,8308.2,4.05,13.69,vllm-tp4-P2-c128-i1024-o256.json
vllm,tp4,vllm-tp4,2,c16-i16384-o1024,48,0,1.11,1134.7,18155.8,1709.3,4994.7,12.42,13.77,14437.2,17861.8,2.24,3.82,vllm-tp4-P2-c16-i16384-o1024.json
vllm,tp4,vllm-tp4,2,c16-i512-o4096,48,0,0.44,1784.2,223.0,210.4,259.9,8.87,9.12,36554.8,37311.3,4.62,10.02,vllm-tp4-P2-c16-i512-o4096.json
vllm,tp4,vllm-tp4,2,c32-i1024-o256,256,0,8.61,2204.0,8815.8,571.4,671.1,12.35,13.91,3722.1,3793.3,1.77,4.53,vllm-tp4-P2-c32-i1024-o256.json
vllm,tp4,vllm-tp4,2,c32-i4096-o512,128,0,3.82,1955.8,15646.6,751.9,2308.1,14.75,16.03,8373.6,9888.8,2.9,4.27,vllm-tp4-P2-c32-i4096-o512.json
vllm,tp4,vllm-tp4,2,c8-i1024-o256,64,0,3.26,835.7,3343.0,475.1,563.5,7.69,9.07,2442.0,2528.4,0.69,1.28,vllm-tp4-P2-c8-i1024-o256.json
vllm,tp4,vllm-tp4,2,c8-i32768-o1024,24,0,0.6,617.6,19762.7,3031.8,5819.8,9.99,12.04,13199.2,16076.9,0.99,2.49,vllm-tp4-P2-c8-i32768-o1024.json
