topo,engine,kind,endpoint,stack,shape,concurrency,input_tokens,output_tokens,lifetime,pass,requests,errors,wall_s,req_per_s,out_tok_per_s,in_tok_per_s,ttft_p50_ms,ttft_p99_ms,tpot_p50_ms,tpot_p99_ms,e2e_p50_ms,e2e_p99_ms,worker_cpu_s,router_cpu_s,file
1,sglang,native-http,direct,"SGLang native HTTP server, direct",c1-i512-o128,1,512,128,1,1,32,0,24.94,1.28,164.3,657.1,66.6,108.8,5.62,5.63,779.7,820.6,0.82,0,t1-sglang-native-http-direct-L1-P1-c1-i512-o128.json
1,sglang,native-http,direct,"SGLang native HTTP server, direct",c128-i1024-o256,128,1024,256,1,1,1024,0,58.0,17.65,4519.5,18077.5,1493.0,3394.7,22.17,27.65,7253.5,7817.9,17.06,0,t1-sglang-native-http-direct-L1-P1-c128-i1024-o256.json
1,sglang,native-http,direct,"SGLang native HTTP server, direct",c16-i512-o2048,16,512,2048,1,1,64,0,59.91,1.07,2187.6,546.9,242.1,248.8,7.2,7.26,14976.3,15009.2,6.45,0,t1-sglang-native-http-direct-L1-P1-c16-i512-o2048.json
1,sglang,native-http,direct,"SGLang native HTTP server, direct",c256-i1024-o256,256,1024,256,1,1,2048,11,108.47,18.78,4807.7,19230.6,8304.4,10291.2,21.69,26.16,14248.7,15221.5,34.67,0,t1-sglang-native-http-direct-L1-P1-c256-i1024-o256.json
1,sglang,native-http,direct,"SGLang native HTTP server, direct",c32-i1024-o256,32,1024,256,1,1,384,0,35.32,10.87,2783.3,11133.0,750.7,792.9,8.55,11.04,2940.4,2971.8,5.37,0,t1-sglang-native-http-direct-L1-P1-c32-i1024-o256.json
1,sglang,native-http,direct,"SGLang native HTTP server, direct",c32-i4096-o256,32,4096,256,1,1,256,0,45.79,5.59,1431.2,22898.4,1751.7,3136.9,15.55,20.85,5718.5,5737.8,6.12,0,t1-sglang-native-http-direct-L1-P1-c32-i4096-o256.json
1,sglang,native-http,direct,"SGLang native HTTP server, direct",c64-i2048-o1024,64,2048,1024,1,1,192,0,46.78,4.1,4202.4,8404.8,1729.5,2978.4,13.53,14.97,15578.8,15652.9,9.64,0,t1-sglang-native-http-direct-L1-P1-c64-i2048-o1024.json
1,sglang,native-http,direct,"SGLang native HTTP server, direct",c64-i8192-o256,64,8192,256,1,1,128,0,38.78,3.3,845.0,27041.4,7435.6,14266.8,46.8,69.81,19371.5,19452.9,4.55,0,t1-sglang-native-http-direct-L1-P1-c64-i8192-o256.json
1,sglang,native-http,direct,"SGLang native HTTP server, direct",c8-i256-o128,8,256,128,1,1,128,0,14.62,8.75,1120.6,2240.6,126.8,155.1,6.18,6.23,911.2,940.5,1.24,0,t1-sglang-native-http-direct-L1-P1-c8-i256-o128.json
1,sglang,native-http,direct,"SGLang native HTTP server, direct",c1-i512-o128,1,512,128,1,2,32,0,24.94,1.28,164.2,657.0,65.3,100.9,5.63,5.63,779.9,807.9,0.87,0,t1-sglang-native-http-direct-L1-P2-c1-i512-o128.json
1,sglang,native-http,direct,"SGLang native HTTP server, direct",c128-i1024-o256,128,1024,256,1,2,1024,0,58.45,17.52,4484.9,17939.2,1542.4,3479.7,22.42,27.67,7315.5,7910.0,16.93,0,t1-sglang-native-http-direct-L1-P2-c128-i1024-o256.json
1,sglang,native-http,direct,"SGLang native HTTP server, direct",c16-i512-o2048,16,512,2048,1,2,64,0,60.05,1.07,2182.7,545.6,241.5,249.0,7.22,7.28,15021.4,15048.1,5.78,0,t1-sglang-native-http-direct-L1-P2-c16-i512-o2048.json
1,sglang,native-http,direct,"SGLang native HTTP server, direct",c256-i1024-o256,256,1024,256,1,2,2048,7,108.66,18.78,4808.7,19234.4,8340.5,10352.2,21.77,26.07,14246.4,15254.5,35.08,0,t1-sglang-native-http-direct-L1-P2-c256-i1024-o256.json
1,sglang,native-http,direct,"SGLang native HTTP server, direct",c32-i1024-o256,32,1024,256,1,2,384,0,35.42,10.84,2775.3,11100.8,743.9,800.0,8.57,11.09,2954.4,2980.7,5.51,0,t1-sglang-native-http-direct-L1-P2-c32-i1024-o256.json
1,sglang,native-http,direct,"SGLang native HTTP server, direct",c32-i4096-o256,32,4096,256,1,2,256,0,45.76,5.59,1432.2,22914.5,1735.5,3142.7,15.58,20.85,5715.7,5747.7,6.22,0,t1-sglang-native-http-direct-L1-P2-c32-i4096-o256.json
1,sglang,native-http,direct,"SGLang native HTTP server, direct",c64-i2048-o1024,64,2048,1024,1,2,192,0,46.67,4.11,4212.7,8425.2,1708.1,2981.7,13.43,14.97,15576.7,15629.8,8.85,0,t1-sglang-native-http-direct-L1-P2-c64-i2048-o1024.json
1,sglang,native-http,direct,"SGLang native HTTP server, direct",c64-i8192-o256,64,8192,256,1,2,128,0,38.89,3.29,842.6,26962.4,7483.8,14297.0,46.92,70.1,19431.9,19519.2,4.68,0,t1-sglang-native-http-direct-L1-P2-c64-i8192-o256.json
1,sglang,native-http,direct,"SGLang native HTTP server, direct",c8-i256-o128,8,256,128,1,2,128,0,14.66,8.73,1117.8,2235.4,129.7,143.7,6.18,6.24,914.6,926.8,1.15,0,t1-sglang-native-http-direct-L1-P2-c8-i256-o128.json
1,sglang,native-http,smg-http,"SGLang native HTTP server, behind smg HTTP mode",c1-i512-o128,1,512,128,1,1,32,0,25.02,1.28,163.7,654.6,70.2,110.1,5.61,5.63,783.3,822.5,0.92,0.41,t1-sglang-native-http-smg-http-L1-P1-c1-i512-o128.json
1,sglang,native-http,smg-http,"SGLang native HTTP server, behind smg HTTP mode",c128-i1024-o256,128,1024,256,1,1,1024,0,58.84,17.4,4455.1,17820.0,1543.6,3434.9,22.45,27.93,7356.7,7953.1,17.53,10.0,t1-sglang-native-http-smg-http-L1-P1-c128-i1024-o256.json
1,sglang,native-http,smg-http,"SGLang native HTTP server, behind smg HTTP mode",c16-i512-o2048,16,512,2048,1,1,64,0,59.99,1.07,2185.0,546.2,243.6,282.5,7.21,7.26,14992.3,15002.5,6.26,6.17,t1-sglang-native-http-smg-http-L1-P1-c16-i512-o2048.json
1,sglang,native-http,smg-http,"SGLang native HTTP server, behind smg HTTP mode",c256-i1024-o256,256,1024,256,1,1,2048,0,108.82,18.82,4818.1,19272.0,8319.3,10151.5,21.58,26.32,14207.3,15109.8,35.76,23.12,t1-sglang-native-http-smg-http-L1-P1-c256-i1024-o256.json
1,sglang,native-http,smg-http,"SGLang native HTTP server, behind smg HTTP mode",c32-i1024-o256,32,1024,256,1,1,384,0,35.38,10.85,2778.8,11114.9,743.9,798.0,8.57,11.04,2943.6,2975.1,5.95,3.68,t1-sglang-native-http-smg-http-L1-P1-c32-i1024-o256.json
1,sglang,native-http,smg-http,"SGLang native HTTP server, behind smg HTTP mode",c32-i4096-o256,32,4096,256,1,1,256,0,45.77,5.59,1432.0,22911.3,1746.9,3133.6,15.55,20.87,5715.4,5734.2,6.14,2.8,t1-sglang-native-http-smg-http-L1-P1-c32-i4096-o256.json
1,sglang,native-http,smg-http,"SGLang native HTTP server, behind smg HTTP mode",c64-i2048-o1024,64,2048,1024,1,1,192,0,46.79,4.1,4202.3,8404.6,1784.5,2975.8,13.52,15.06,15565.3,15671.3,9.7,6.85,t1-sglang-native-http-smg-http-L1-P1-c64-i2048-o1024.json
1,sglang,native-http,smg-http,"SGLang native HTTP server, behind smg HTTP mode",c64-i8192-o256,64,8192,256,1,1,128,0,38.85,3.3,843.5,26993.1,7496.4,14314.6,46.82,73.74,19407.0,19485.9,4.93,1.34,t1-sglang-native-http-smg-http-L1-P1-c64-i8192-o256.json
1,sglang,native-http,smg-http,"SGLang native HTTP server, behind smg HTTP mode",c8-i256-o128,8,256,128,1,1,128,0,14.63,8.75,1120.2,2240.5,128.6,151.3,6.18,6.23,913.2,926.8,1.24,0.95,t1-sglang-native-http-smg-http-L1-P1-c8-i256-o128.json
1,sglang,native-http,smg-http,"SGLang native HTTP server, behind smg HTTP mode",c1-i512-o128,1,512,128,1,2,32,0,24.94,1.28,164.2,656.8,68.4,103.7,5.62,5.63,781.3,812.4,1.03,0.43,t1-sglang-native-http-smg-http-L1-P2-c1-i512-o128.json
1,sglang,native-http,smg-http,"SGLang native HTTP server, behind smg HTTP mode",c128-i1024-o256,128,1024,256,1,2,1024,0,58.69,17.45,4466.9,17866.9,1547.0,3324.5,22.48,27.98,7391.4,7750.6,16.53,11.64,t1-sglang-native-http-smg-http-L1-P2-c128-i1024-o256.json
1,sglang,native-http,smg-http,"SGLang native HTTP server, behind smg HTTP mode",c16-i512-o2048,16,512,2048,1,2,64,0,60.11,1.06,2180.4,545.0,245.5,257.5,7.22,7.28,15021.4,15061.8,6.84,6.11,t1-sglang-native-http-smg-http-L1-P2-c16-i512-o2048.json
1,sglang,native-http,smg-http,"SGLang native HTTP server, behind smg HTTP mode",c256-i1024-o256,256,1024,256,1,2,2048,0,108.79,18.82,4819.2,19276.3,8344.0,10169.1,21.64,26.15,14264.3,15029.7,34.93,26.0,t1-sglang-native-http-smg-http-L1-P2-c256-i1024-o256.json
1,sglang,native-http,smg-http,"SGLang native HTTP server, behind smg HTTP mode",c32-i1024-o256,32,1024,256,1,2,384,0,35.47,10.83,2771.2,11084.7,748.6,805.7,8.57,11.12,2954.2,2986.3,5.59,5.17,t1-sglang-native-http-smg-http-L1-P2-c32-i1024-o256.json
1,sglang,native-http,smg-http,"SGLang native HTTP server, behind smg HTTP mode",c32-i4096-o256,32,4096,256,1,2,256,0,45.82,5.59,1430.2,22883.6,1734.4,3147.7,15.63,20.9,5721.8,5742.7,6.12,3.59,t1-sglang-native-http-smg-http-L1-P2-c32-i4096-o256.json
1,sglang,native-http,smg-http,"SGLang native HTTP server, behind smg HTTP mode",c64-i2048-o1024,64,2048,1024,1,2,192,0,46.77,4.11,4203.9,8407.8,1736.7,2968.6,13.49,15.04,15567.8,15644.8,9.9,8.27,t1-sglang-native-http-smg-http-L1-P2-c64-i2048-o1024.json
1,sglang,native-http,smg-http,"SGLang native HTTP server, behind smg HTTP mode",c64-i8192-o256,64,8192,256,1,2,128,0,38.89,3.29,842.5,26959.9,7482.4,14310.3,46.96,73.77,19433.4,19508.7,5.23,1.51,t1-sglang-native-http-smg-http-L1-P2-c64-i8192-o256.json
1,sglang,native-http,smg-http,"SGLang native HTTP server, behind smg HTTP mode",c8-i256-o128,8,256,128,1,2,128,0,14.63,8.75,1120.0,2240.1,129.5,148.8,6.18,6.23,914.0,937.4,1.24,1.14,t1-sglang-native-http-smg-http-L1-P2-c8-i256-o128.json
1,sglang,python-grpc,smg-grpc,"SGLang gRPC servicer, Python implementation, behind smg gRPC mode",c1-i512-o128,1,512,128,1,1,32,0,25.6,1.25,160.0,640.0,65.9,108.2,5.77,5.78,799.3,841.2,0.97,0.47,t1-sglang-python-grpc-smg-grpc-L1-P1-c1-i512-o128.json
1,sglang,python-grpc,smg-grpc,"SGLang gRPC servicer, Python implementation, behind smg gRPC mode",c128-i1024-o256,128,1024,256,1,1,1024,0,57.75,17.73,4539.4,18157.3,1350.7,3519.7,22.35,26.54,7063.5,8696.1,12.5,17.19,t1-sglang-python-grpc-smg-grpc-L1-P1-c128-i1024-o256.json
1,sglang,python-grpc,smg-grpc,"SGLang gRPC servicer, Python implementation, behind smg gRPC mode",c16-i512-o2048,16,512,2048,1,1,64,0,60.26,1.06,2175.1,543.8,241.0,254.1,7.24,7.3,15058.5,15090.2,7.43,7.22,t1-sglang-python-grpc-smg-grpc-L1-P1-c16-i512-o2048.json
1,sglang,python-grpc,smg-grpc,"SGLang gRPC servicer, Python implementation, behind smg gRPC mode",c256-i1024-o256,256,1024,256,1,1,2048,0,108.33,18.9,4839.5,19357.7,8154.2,10215.7,21.93,26.92,14110.0,15097.8,29.33,36.85,t1-sglang-python-grpc-smg-grpc-L1-P1-c256-i1024-o256.json
1,sglang,python-grpc,smg-grpc,"SGLang gRPC servicer, Python implementation, behind smg gRPC mode",c32-i1024-o256,32,1024,256,1,1,384,0,35.28,10.88,2786.3,11145.0,531.0,776.4,9.45,10.94,2934.5,2952.3,5.86,5.94,t1-sglang-python-grpc-smg-grpc-L1-P1-c32-i1024-o256.json
1,sglang,python-grpc,smg-grpc,"SGLang gRPC servicer, Python implementation, behind smg gRPC mode",c32-i4096-o256,32,4096,256,1,1,256,0,46.02,5.56,1424.1,22785.2,1752.3,3154.4,15.65,21.72,5744.4,5763.5,3.95,9.09,t1-sglang-python-grpc-smg-grpc-L1-P1-c32-i4096-o256.json
1,sglang,python-grpc,smg-grpc,"SGLang gRPC servicer, Python implementation, behind smg gRPC mode",c64-i2048-o1024,64,2048,1024,1,1,192,0,46.89,4.09,4192.5,8385.0,1668.1,2992.9,13.63,15.06,15610.6,15689.8,10.56,9.84,t1-sglang-python-grpc-smg-grpc-L1-P1-c64-i2048-o1024.json
1,sglang,python-grpc,smg-grpc,"SGLang gRPC servicer, Python implementation, behind smg gRPC mode",c64-i8192-o256,64,8192,256,1,1,128,0,39.0,3.28,840.2,26885.8,7503.0,14348.6,46.89,74.76,19476.1,19533.7,2.03,7.34,t1-sglang-python-grpc-smg-grpc-L1-P1-c64-i8192-o256.json
1,sglang,python-grpc,smg-grpc,"SGLang gRPC servicer, Python implementation, behind smg gRPC mode",c8-i256-o128,8,256,128,1,1,128,0,14.64,8.74,1119.3,2238.6,126.8,148.7,6.19,6.23,912.7,934.7,1.23,1.16,t1-sglang-python-grpc-smg-grpc-L1-P1-c8-i256-o128.json
1,sglang,python-grpc,smg-grpc,"SGLang gRPC servicer, Python implementation, behind smg gRPC mode",c1-i512-o128,1,512,128,1,2,32,0,25.68,1.25,159.5,637.9,69.1,114.0,5.77,5.77,801.5,845.8,1.01,0.59,t1-sglang-python-grpc-smg-grpc-L1-P2-c1-i512-o128.json
1,sglang,python-grpc,smg-grpc,"SGLang gRPC servicer, Python implementation, behind smg gRPC mode",c128-i1024-o256,128,1024,256,1,2,1024,0,58.51,17.5,4480.2,17920.6,1835.2,3319.2,21.07,26.94,7192.1,7644.8,15.17,19.1,t1-sglang-python-grpc-smg-grpc-L1-P2-c128-i1024-o256.json
1,sglang,python-grpc,smg-grpc,"SGLang gRPC servicer, Python implementation, behind smg gRPC mode",c16-i512-o2048,16,512,2048,1,2,64,0,60.32,1.06,2173.0,543.2,240.6,280.0,7.24,7.31,15074.5,15100.8,7.26,6.52,t1-sglang-python-grpc-smg-grpc-L1-P2-c16-i512-o2048.json
1,sglang,python-grpc,smg-grpc,"SGLang gRPC servicer, Python implementation, behind smg gRPC mode",c256-i1024-o256,256,1024,256,1,2,2048,0,109.34,18.73,4794.9,19179.3,8193.9,10930.9,22.02,26.97,14162.0,16267.2,27.94,41.2,t1-sglang-python-grpc-smg-grpc-L1-P2-c256-i1024-o256.json
1,sglang,python-grpc,smg-grpc,"SGLang gRPC servicer, Python implementation, behind smg gRPC mode",c32-i1024-o256,32,1024,256,1,2,384,0,35.31,10.87,2783.8,11134.8,533.4,779.3,9.45,10.95,2936.7,2951.0,4.68,8.18,t1-sglang-python-grpc-smg-grpc-L1-P2-c32-i1024-o256.json
1,sglang,python-grpc,smg-grpc,"SGLang gRPC servicer, Python implementation, behind smg gRPC mode",c32-i4096-o256,32,4096,256,1,2,256,0,45.95,5.57,1426.2,22818.6,1774.1,3159.8,15.55,21.72,5737.6,5759.8,4.38,9.45,t1-sglang-python-grpc-smg-grpc-L1-P2-c32-i4096-o256.json
1,sglang,python-grpc,smg-grpc,"SGLang gRPC servicer, Python implementation, behind smg gRPC mode",c64-i2048-o1024,64,2048,1024,1,2,192,0,46.89,4.1,4193.4,8386.7,1653.8,2990.7,13.63,15.07,15592.8,15697.4,9.63,11.97,t1-sglang-python-grpc-smg-grpc-L1-P2-c64-i2048-o1024.json
1,sglang,python-grpc,smg-grpc,"SGLang gRPC servicer, Python implementation, behind smg gRPC mode",c64-i8192-o256,64,8192,256,1,2,128,0,39.14,3.27,837.3,26793.1,7566.9,14409.1,46.99,74.89,19550.6,19609.0,2.01,7.44,t1-sglang-python-grpc-smg-grpc-L1-P2-c64-i8192-o256.json
1,sglang,python-grpc,smg-grpc,"SGLang gRPC servicer, Python implementation, behind smg gRPC mode",c8-i256-o128,8,256,128,1,2,128,0,14.63,8.75,1119.6,2239.1,126.3,149.7,6.19,6.24,912.0,939.5,1.17,1.42,t1-sglang-python-grpc-smg-grpc-L1-P2-c8-i256-o128.json
1,sglang,rust-grpc,smg-grpc,"SGLang gRPC servicer, Rust implementation, behind smg gRPC mode",c1-i512-o128,1,512,128,1,1,32,0,25.0,1.28,163.8,655.2,65.2,107.4,5.63,5.65,780.4,822.9,0.4,0.58,t1-sglang-rust-grpc-smg-grpc-L1-P1-c1-i512-o128.json
1,sglang,rust-grpc,smg-grpc,"SGLang gRPC servicer, Rust implementation, behind smg gRPC mode",c128-i1024-o256,128,1024,256,1,1,1024,0,59.67,17.16,4393.5,17573.7,1870.6,3369.8,21.36,27.39,7396.6,7814.1,9.12,19.98,t1-sglang-rust-grpc-smg-grpc-L1-P1-c128-i1024-o256.json
1,sglang,rust-grpc,smg-grpc,"SGLang gRPC servicer, Rust implementation, behind smg gRPC mode",c16-i512-o2048,16,512,2048,1,1,64,0,60.14,1.06,2179.4,544.8,236.6,244.1,7.23,7.3,15029.5,15058.1,3.77,6.65,t1-sglang-rust-grpc-smg-grpc-L1-P1-c16-i512-o2048.json
1,sglang,rust-grpc,smg-grpc,"SGLang gRPC servicer, Rust implementation, behind smg gRPC mode",c256-i1024-o256,256,1024,256,1,1,2048,0,109.27,18.74,4798.1,19192.3,8275.3,10180.6,22.01,27.18,14283.4,15492.4,17.51,49.25,t1-sglang-rust-grpc-smg-grpc-L1-P1-c256-i1024-o256.json
1,sglang,rust-grpc,smg-grpc,"SGLang gRPC servicer, Rust implementation, behind smg gRPC mode",c32-i1024-o256,32,1024,256,1,1,384,0,35.15,10.93,2796.9,11187.2,524.7,770.3,9.43,10.92,2923.6,2937.8,1.79,6.43,t1-sglang-rust-grpc-smg-grpc-L1-P1-c32-i1024-o256.json
1,sglang,rust-grpc,smg-grpc,"SGLang gRPC servicer, Rust implementation, behind smg gRPC mode",c32-i4096-o256,32,4096,256,1,1,256,0,45.85,5.58,1429.2,22867.9,1733.4,3136.4,15.65,21.71,5724.6,5744.9,2.41,8.82,t1-sglang-rust-grpc-smg-grpc-L1-P1-c32-i4096-o256.json
1,sglang,rust-grpc,smg-grpc,"SGLang gRPC servicer, Rust implementation, behind smg gRPC mode",c64-i2048-o1024,64,2048,1024,1,1,192,0,46.87,4.1,4194.5,8388.9,1808.1,2968.3,13.41,15.05,15610.7,15676.5,4.24,9.89,t1-sglang-rust-grpc-smg-grpc-L1-P1-c64-i2048-o1024.json
1,sglang,rust-grpc,smg-grpc,"SGLang gRPC servicer, Rust implementation, behind smg gRPC mode",c64-i8192-o256,64,8192,256,1,1,128,0,39.0,3.28,840.2,26885.8,7436.7,14304.1,47.61,75.02,19459.7,19602.2,1.18,7.66,t1-sglang-rust-grpc-smg-grpc-L1-P1-c64-i8192-o256.json
1,sglang,rust-grpc,smg-grpc,"SGLang gRPC servicer, Rust implementation, behind smg gRPC mode",c8-i256-o128,8,256,128,1,1,128,0,14.58,8.78,1123.9,2247.8,120.4,143.5,6.2,6.26,908.4,932.5,0.49,1.42,t1-sglang-rust-grpc-smg-grpc-L1-P1-c8-i256-o128.json
1,sglang,rust-grpc,smg-grpc,"SGLang gRPC servicer, Rust implementation, behind smg gRPC mode",c1-i512-o128,1,512,128,1,2,32,0,24.99,1.28,163.9,655.6,64.9,104.5,5.63,5.65,779.9,820.1,0.5,0.51,t1-sglang-rust-grpc-smg-grpc-L1-P2-c1-i512-o128.json
1,sglang,rust-grpc,smg-grpc,"SGLang gRPC servicer, Rust implementation, behind smg gRPC mode",c128-i1024-o256,128,1024,256,1,2,1024,0,59.71,17.15,4389.9,17559.6,1775.0,3273.9,21.72,27.68,7332.4,7803.2,8.89,24.87,t1-sglang-rust-grpc-smg-grpc-L1-P2-c128-i1024-o256.json
1,sglang,rust-grpc,smg-grpc,"SGLang gRPC servicer, Rust implementation, behind smg gRPC mode",c16-i512-o2048,16,512,2048,1,2,64,0,60.23,1.06,2176.2,544.0,235.7,246.1,7.23,7.31,15043.9,15107.5,5.49,7.11,t1-sglang-rust-grpc-smg-grpc-L1-P2-c16-i512-o2048.json
1,sglang,rust-grpc,smg-grpc,"SGLang gRPC servicer, Rust implementation, behind smg gRPC mode",c256-i1024-o256,256,1024,256,1,2,2048,0,109.38,18.72,4793.3,19172.6,8278.9,10155.4,22.21,27.17,14215.3,15265.4,17.66,49.9,t1-sglang-rust-grpc-smg-grpc-L1-P2-c256-i1024-o256.json
1,sglang,rust-grpc,smg-grpc,"SGLang gRPC servicer, Rust implementation, behind smg gRPC mode",c32-i1024-o256,32,1024,256,1,2,384,0,35.19,10.91,2793.4,11173.4,528.3,773.2,9.46,10.96,2925.4,2952.6,3.88,7.36,t1-sglang-rust-grpc-smg-grpc-L1-P2-c32-i1024-o256.json
1,sglang,rust-grpc,smg-grpc,"SGLang gRPC servicer, Rust implementation, behind smg gRPC mode",c32-i4096-o256,32,4096,256,1,2,256,0,45.92,5.58,1427.2,22835.9,1740.6,3149.7,15.66,21.72,5731.0,5748.7,2.44,9.49,t1-sglang-rust-grpc-smg-grpc-L1-P2-c32-i4096-o256.json
1,sglang,rust-grpc,smg-grpc,"SGLang gRPC servicer, Rust implementation, behind smg gRPC mode",c64-i2048-o1024,64,2048,1024,1,2,192,0,47.11,4.08,4173.8,8347.5,1658.7,2983.5,13.63,15.35,15641.2,15907.4,4.93,13.7,t1-sglang-rust-grpc-smg-grpc-L1-P2-c64-i2048-o1024.json
1,sglang,rust-grpc,smg-grpc,"SGLang gRPC servicer, Rust implementation, behind smg gRPC mode",c64-i8192-o256,64,8192,256,1,2,128,0,38.96,3.29,841.2,26917.0,7499.0,14319.8,46.84,74.43,19438.9,19502.3,1.18,7.71,t1-sglang-rust-grpc-smg-grpc-L1-P2-c64-i8192-o256.json
1,sglang,rust-grpc,smg-grpc,"SGLang gRPC servicer, Rust implementation, behind smg gRPC mode",c8-i256-o128,8,256,128,1,2,128,0,14.63,8.75,1119.6,2239.0,124.1,137.8,6.2,6.26,912.7,930.1,0.94,1.37,t1-sglang-rust-grpc-smg-grpc-L1-P2-c8-i256-o128.json
1,tokenspeed,python-grpc,smg-grpc,"TokenSpeed gRPC servicer, Python implementation, behind smg gRPC mode",c1-i512-o128,1,512,128,1,1,32,0,27.7,1.16,147.9,591.4,50.8,80.5,6.4,6.42,864.3,892.0,0.86,0.62,t1-tokenspeed-python-grpc-smg-grpc-L1-P1-c1-i512-o128.json
1,tokenspeed,python-grpc,smg-grpc,"TokenSpeed gRPC servicer, Python implementation, behind smg gRPC mode",c128-i1024-o256,128,1024,256,1,1,1024,0,59.8,17.12,4383.4,17533.4,1664.2,3127.1,22.44,28.15,7462.8,7849.2,17.41,17.04,t1-tokenspeed-python-grpc-smg-grpc-L1-P1-c128-i1024-o256.json
1,tokenspeed,python-grpc,smg-grpc,"TokenSpeed gRPC servicer, Python implementation, behind smg gRPC mode",c16-i512-o2048,16,512,2048,1,1,64,0,66.58,0.96,1968.8,492.2,209.6,247.2,8.02,8.11,16638.6,16684.5,7.01,6.88,t1-tokenspeed-python-grpc-smg-grpc-L1-P1-c16-i512-o2048.json
1,tokenspeed,python-grpc,smg-grpc,"TokenSpeed gRPC servicer, Python implementation, behind smg gRPC mode",c256-i1024-o256,256,1024,256,1,1,2048,0,109.48,18.71,4789.0,19155.6,5428.0,10138.2,29.16,34.65,13139.7,17331.0,33.49,39.1,t1-tokenspeed-python-grpc-smg-grpc-L1-P1-c256-i1024-o256.json
1,tokenspeed,python-grpc,smg-grpc,"TokenSpeed gRPC servicer, Python implementation, behind smg gRPC mode",c32-i1024-o256,32,1024,256,1,1,384,0,37.42,10.26,2627.1,10508.0,421.6,1692.1,10.28,14.87,3008.5,4027.0,5.17,5.66,t1-tokenspeed-python-grpc-smg-grpc-L1-P1-c32-i1024-o256.json
1,tokenspeed,python-grpc,smg-grpc,"TokenSpeed gRPC servicer, Python implementation, behind smg gRPC mode",c32-i4096-o256,32,4096,256,1,1,256,0,42.06,6.09,1558.0,24928.0,1428.2,2654.0,14.94,19.8,5243.8,5313.1,3.87,9.34,t1-tokenspeed-python-grpc-smg-grpc-L1-P1-c32-i4096-o256.json
1,tokenspeed,python-grpc,smg-grpc,"TokenSpeed gRPC servicer, Python implementation, behind smg gRPC mode",c64-i2048-o1024,64,2048,1024,1,1,192,0,44.99,4.27,4370.1,8740.0,1427.8,2669.1,13.17,14.53,14990.8,15054.3,9.7,10.88,t1-tokenspeed-python-grpc-smg-grpc-L1-P1-c64-i2048-o1024.json
1,tokenspeed,python-grpc,smg-grpc,"TokenSpeed gRPC servicer, Python implementation, behind smg gRPC mode",c64-i8192-o256,64,8192,256,1,1,128,0,30.45,4.2,1076.0,34431.8,5576.8,10926.8,37.66,58.72,15212.6,15388.8,2.03,7.43,t1-tokenspeed-python-grpc-smg-grpc-L1-P1-c64-i8192-o256.json
1,tokenspeed,python-grpc,smg-grpc,"TokenSpeed gRPC servicer, Python implementation, behind smg gRPC mode",c8-i256-o128,8,256,128,1,1,128,0,16.44,7.79,996.7,1993.3,130.3,145.9,7.06,7.74,1027.2,1055.2,1.2,1.11,t1-tokenspeed-python-grpc-smg-grpc-L1-P1-c8-i256-o128.json
1,tokenspeed,python-grpc,smg-grpc,"TokenSpeed gRPC servicer, Python implementation, behind smg gRPC mode",c1-i512-o128,1,512,128,1,2,32,0,27.78,1.15,147.4,589.7,52.6,97.2,6.41,6.93,866.2,914.9,0.87,0.6,t1-tokenspeed-python-grpc-smg-grpc-L1-P2-c1-i512-o128.json
1,tokenspeed,python-grpc,smg-grpc,"TokenSpeed gRPC servicer, Python implementation, behind smg gRPC mode",c128-i1024-o256,128,1024,256,1,2,1024,0,60.32,16.98,4346.2,17384.7,1765.9,3187.1,22.16,28.06,7476.7,8062.5,13.99,19.53,t1-tokenspeed-python-grpc-smg-grpc-L1-P2-c128-i1024-o256.json
1,tokenspeed,python-grpc,smg-grpc,"TokenSpeed gRPC servicer, Python implementation, behind smg gRPC mode",c16-i512-o2048,16,512,2048,1,2,64,0,66.53,0.96,1970.2,492.6,210.4,248.3,8.01,8.1,16626.3,16670.9,8.49,5.97,t1-tokenspeed-python-grpc-smg-grpc-L1-P2-c16-i512-o2048.json
1,tokenspeed,python-grpc,smg-grpc,"TokenSpeed gRPC servicer, Python implementation, behind smg gRPC mode",c256-i1024-o256,256,1024,256,1,2,2048,0,107.85,18.99,4861.2,19444.6,5309.3,10222.2,28.58,34.55,12878.4,17203.1,31.73,37.59,t1-tokenspeed-python-grpc-smg-grpc-L1-P2-c256-i1024-o256.json
1,tokenspeed,python-grpc,smg-grpc,"TokenSpeed gRPC servicer, Python implementation, behind smg gRPC mode",c32-i1024-o256,32,1024,256,1,2,384,0,36.3,10.58,2708.0,10831.7,377.8,713.1,10.32,11.53,3009.7,3082.5,6.37,7.42,t1-tokenspeed-python-grpc-smg-grpc-L1-P2-c32-i1024-o256.json
1,tokenspeed,python-grpc,smg-grpc,"TokenSpeed gRPC servicer, Python implementation, behind smg gRPC mode",c32-i4096-o256,32,4096,256,1,2,256,0,42.18,6.07,1553.6,24856.7,1443.8,2689.1,14.94,19.92,5265.8,5314.4,3.82,9.09,t1-tokenspeed-python-grpc-smg-grpc-L1-P2-c32-i4096-o256.json
1,tokenspeed,python-grpc,smg-grpc,"TokenSpeed gRPC servicer, Python implementation, behind smg gRPC mode",c64-i2048-o1024,64,2048,1024,1,2,192,0,44.94,4.27,4374.7,8749.3,1386.8,2663.9,13.26,14.49,14965.8,15015.6,11.94,10.59,t1-tokenspeed-python-grpc-smg-grpc-L1-P2-c64-i2048-o1024.json
1,tokenspeed,python-grpc,smg-grpc,"TokenSpeed gRPC servicer, Python implementation, behind smg gRPC mode",c64-i8192-o256,64,8192,256,1,2,128,0,30.23,4.23,1083.9,34685.9,5556.4,10880.9,37.3,57.86,15087.3,15120.9,2.03,7.28,t1-tokenspeed-python-grpc-smg-grpc-L1-P2-c64-i8192-o256.json
1,tokenspeed,python-grpc,smg-grpc,"TokenSpeed gRPC servicer, Python implementation, behind smg gRPC mode",c8-i256-o128,8,256,128,1,2,128,0,16.02,7.99,1022.9,2045.4,94.9,139.8,7.04,7.71,990.0,1050.0,1.19,1.48,t1-tokenspeed-python-grpc-smg-grpc-L1-P2-c8-i256-o128.json
1,tokenspeed,rust-grpc,smg-grpc,"TokenSpeed gRPC servicer, Rust implementation, behind smg gRPC mode",c1-i512-o128,1,512,128,1,1,32,0,27.71,1.15,147.8,591.3,52.1,90.1,6.41,6.42,865.6,901.6,0.87,0.55,t1-tokenspeed-rust-grpc-smg-grpc-L1-P1-c1-i512-o128.json
1,tokenspeed,rust-grpc,smg-grpc,"TokenSpeed gRPC servicer, Rust implementation, behind smg gRPC mode",c128-i1024-o256,128,1024,256,1,1,1024,0,60.34,16.97,4344.7,17378.6,1793.0,3241.0,22.15,28.28,7513.9,7885.5,13.53,19.94,t1-tokenspeed-rust-grpc-smg-grpc-L1-P1-c128-i1024-o256.json
1,tokenspeed,rust-grpc,smg-grpc,"TokenSpeed gRPC servicer, Rust implementation, behind smg gRPC mode",c16-i512-o2048,16,512,2048,1,1,64,0,66.63,0.96,1967.3,491.8,218.3,248.4,8.02,8.14,16642.8,16706.8,7.77,7.22,t1-tokenspeed-rust-grpc-smg-grpc-L1-P1-c16-i512-o2048.json
1,tokenspeed,rust-grpc,smg-grpc,"TokenSpeed gRPC servicer, Rust implementation, behind smg gRPC mode",c256-i1024-o256,256,1024,256,1,1,2048,0,107.99,18.97,4855.1,19420.0,5365.6,10117.7,28.98,33.45,12810.4,17044.6,35.55,35.51,t1-tokenspeed-rust-grpc-smg-grpc-L1-P1-c256-i1024-o256.json
1,tokenspeed,rust-grpc,smg-grpc,"TokenSpeed gRPC servicer, Rust implementation, behind smg gRPC mode",c32-i1024-o256,32,1024,256,1,1,384,0,36.2,10.61,2715.8,10863.1,376.6,724.0,10.31,11.47,3002.5,3086.1,6.57,6.39,t1-tokenspeed-rust-grpc-smg-grpc-L1-P1-c32-i1024-o256.json
1,tokenspeed,rust-grpc,smg-grpc,"TokenSpeed gRPC servicer, Rust implementation, behind smg gRPC mode",c32-i4096-o256,32,4096,256,1,1,256,0,42.15,6.07,1554.9,24878.0,1440.7,2676.6,14.95,19.92,5252.8,5324.3,4.56,8.76,t1-tokenspeed-rust-grpc-smg-grpc-L1-P1-c32-i4096-o256.json
1,tokenspeed,rust-grpc,smg-grpc,"TokenSpeed gRPC servicer, Rust implementation, behind smg gRPC mode",c64-i2048-o1024,64,2048,1024,1,1,192,0,45.03,4.26,4366.1,8732.0,1416.9,2684.7,13.22,14.52,14987.4,15080.6,9.04,11.4,t1-tokenspeed-rust-grpc-smg-grpc-L1-P1-c64-i2048-o1024.json
1,tokenspeed,rust-grpc,smg-grpc,"TokenSpeed gRPC servicer, Rust implementation, behind smg gRPC mode",c64-i8192-o256,64,8192,256,1,1,128,0,30.41,4.21,1077.4,34477.4,5568.5,10895.7,37.64,58.73,15192.8,15380.2,2.42,6.95,t1-tokenspeed-rust-grpc-smg-grpc-L1-P1-c64-i8192-o256.json
1,tokenspeed,rust-grpc,smg-grpc,"TokenSpeed gRPC servicer, Rust implementation, behind smg gRPC mode",c8-i256-o128,8,256,128,1,1,128,0,15.98,8.01,1025.5,2050.7,92.5,149.7,7.04,7.79,988.8,1059.1,1.41,1.46,t1-tokenspeed-rust-grpc-smg-grpc-L1-P1-c8-i256-o128.json
1,tokenspeed,rust-grpc,smg-grpc,"TokenSpeed gRPC servicer, Rust implementation, behind smg gRPC mode",c1-i512-o128,1,512,128,1,2,32,0,27.73,1.15,147.7,590.8,51.3,95.1,6.41,6.9,864.8,917.5,0.86,0.64,t1-tokenspeed-rust-grpc-smg-grpc-L1-P2-c1-i512-o128.json
1,tokenspeed,rust-grpc,smg-grpc,"TokenSpeed gRPC servicer, Rust implementation, behind smg gRPC mode",c128-i1024-o256,128,1024,256,1,2,1024,0,61.29,16.71,4277.4,17109.2,1851.2,3316.6,22.25,29.51,7555.3,8270.9,13.07,20.27,t1-tokenspeed-rust-grpc-smg-grpc-L1-P2-c128-i1024-o256.json
1,tokenspeed,rust-grpc,smg-grpc,"TokenSpeed gRPC servicer, Rust implementation, behind smg gRPC mode",c16-i512-o2048,16,512,2048,1,2,64,0,66.63,0.96,1967.1,491.8,215.1,250.8,8.02,8.12,16651.1,16690.9,8.33,6.57,t1-tokenspeed-rust-grpc-smg-grpc-L1-P2-c16-i512-o2048.json
1,tokenspeed,rust-grpc,smg-grpc,"TokenSpeed gRPC servicer, Rust implementation, behind smg gRPC mode",c256-i1024-o256,256,1024,256,1,2,2048,0,108.11,18.94,4849.7,19398.7,5315.8,10198.4,28.71,34.94,12920.0,17236.4,34.85,34.52,t1-tokenspeed-rust-grpc-smg-grpc-L1-P2-c256-i1024-o256.json
1,tokenspeed,rust-grpc,smg-grpc,"TokenSpeed gRPC servicer, Rust implementation, behind smg gRPC mode",c32-i1024-o256,32,1024,256,1,2,384,0,36.23,10.6,2713.2,10852.7,388.4,720.3,10.29,11.54,3004.6,3085.0,4.96,8.03,t1-tokenspeed-rust-grpc-smg-grpc-L1-P2-c32-i1024-o256.json
1,tokenspeed,rust-grpc,smg-grpc,"TokenSpeed gRPC servicer, Rust implementation, behind smg gRPC mode",c32-i4096-o256,32,4096,256,1,2,256,0,42.5,6.02,1542.0,24671.7,1439.7,2679.3,15.04,20.2,5286.0,5435.0,4.73,9.4,t1-tokenspeed-rust-grpc-smg-grpc-L1-P2-c32-i4096-o256.json
1,tokenspeed,rust-grpc,smg-grpc,"TokenSpeed gRPC servicer, Rust implementation, behind smg gRPC mode",c64-i2048-o1024,64,2048,1024,1,2,192,0,45.24,4.24,4346.0,8691.9,1421.1,2668.9,13.3,14.61,15083.1,15186.6,12.21,11.12,t1-tokenspeed-rust-grpc-smg-grpc-L1-P2-c64-i2048-o1024.json
1,tokenspeed,rust-grpc,smg-grpc,"TokenSpeed gRPC servicer, Rust implementation, behind smg gRPC mode",c64-i8192-o256,64,8192,256,1,2,128,0,30.23,4.23,1084.1,34689.7,5574.3,10881.0,37.35,57.59,15088.1,15125.6,2.79,6.97,t1-tokenspeed-rust-grpc-smg-grpc-L1-P2-c64-i8192-o256.json
1,tokenspeed,rust-grpc,smg-grpc,"TokenSpeed gRPC servicer, Rust implementation, behind smg gRPC mode",c8-i256-o128,8,256,128,1,2,128,0,15.89,8.05,1030.9,2061.7,90.8,144.0,7.03,7.83,984.0,1074.4,1.19,1.57,t1-tokenspeed-rust-grpc-smg-grpc-L1-P2-c8-i256-o128.json
1,vllm,native-http,direct,"vLLM native HTTP server, direct",c1-i512-o128,1,512,128,1,1,32,0,26.47,1.21,154.7,619.0,58.4,109.7,6.05,6.05,826.3,876.3,1.2,0,t1-vllm-native-http-direct-L1-P1-c1-i512-o128.json
1,vllm,native-http,direct,"vLLM native HTTP server, direct",c128-i1024-o256,128,1024,256,1,1,1024,0,51.94,19.71,5046.6,20186.1,1389.8,2879.3,19.96,22.6,6472.1,7974.1,16.6,0,t1-vllm-native-http-direct-L1-P1-c128-i1024-o256.json
1,vllm,native-http,direct,"vLLM native HTTP server, direct",c16-i512-o2048,16,512,2048,1,1,64,0,61.41,1.04,2134.3,533.6,235.7,280.4,7.38,7.39,15339.8,15397.9,5.96,0,t1-vllm-native-http-direct-L1-P1-c16-i512-o2048.json
1,vllm,native-http,direct,"vLLM native HTTP server, direct",c256-i1024-o256,256,1024,256,1,1,2048,0,88.91,23.03,5896.7,23586.3,1238.8,5702.9,37.62,39.88,10826.0,15177.8,30.28,0,t1-vllm-native-http-direct-L1-P1-c256-i1024-o256.json
1,vllm,native-http,direct,"vLLM native HTTP server, direct",c32-i1024-o256,32,1024,256,1,1,384,0,36.36,10.56,2703.9,10815.5,883.7,1108.8,8.39,9.73,3052.7,3237.1,6.17,0,t1-vllm-native-http-direct-L1-P1-c32-i1024-o256.json
1,vllm,native-http,direct,"vLLM native HTTP server, direct",c32-i4096-o256,32,4096,256,1,1,256,0,39.8,6.43,1646.8,26349.1,1530.4,2780.0,13.48,16.74,4936.3,6341.9,7.06,0,t1-vllm-native-http-direct-L1-P1-c32-i4096-o256.json
1,vllm,native-http,direct,"vLLM native HTTP server, direct",c64-i2048-o1024,64,2048,1024,1,1,192,0,43.2,4.44,4551.3,9102.6,1389.5,2866.6,12.61,13.27,14280.0,16174.2,8.84,0,t1-vllm-native-http-direct-L1-P1-c64-i2048-o1024.json
1,vllm,native-http,direct,"vLLM native HTTP server, direct",c64-i8192-o256,64,8192,256,1,1,128,0,27.24,4.7,1203.1,38497.8,2071.8,10141.4,44.43,49.5,13426.4,21872.2,6.05,0,t1-vllm-native-http-direct-L1-P1-c64-i8192-o256.json
1,vllm,native-http,direct,"vLLM native HTTP server, direct",c8-i256-o128,8,256,128,1,1,128,0,17.16,7.46,954.7,1909.1,230.3,269.7,6.57,6.59,1064.5,1104.3,1.39,0,t1-vllm-native-http-direct-L1-P1-c8-i256-o128.json
1,vllm,native-http,direct,"vLLM native HTTP server, direct",c1-i512-o128,1,512,128,1,2,32,0,26.43,1.21,155.0,620.0,56.6,92.3,6.05,6.06,825.1,859.9,1.01,0,t1-vllm-native-http-direct-L1-P2-c1-i512-o128.json
1,vllm,native-http,direct,"vLLM native HTTP server, direct",c128-i1024-o256,128,1024,256,1,2,1024,0,52.99,19.32,4946.9,19787.4,1172.7,3488.9,20.6,24.47,6446.3,9362.7,16.84,0,t1-vllm-native-http-direct-L1-P2-c128-i1024-o256.json
1,vllm,native-http,direct,"vLLM native HTTP server, direct",c16-i512-o2048,16,512,2048,1,2,64,0,61.44,1.04,2133.4,533.4,237.1,268.0,7.39,7.39,15358.0,15373.7,6.17,0,t1-vllm-native-http-direct-L1-P2-c16-i512-o2048.json
1,vllm,native-http,direct,"vLLM native HTTP server, direct",c256-i1024-o256,256,1024,256,1,2,2048,0,88.5,23.14,5924.1,23695.9,1233.2,5467.1,37.95,39.52,10935.1,14786.8,29.81,0,t1-vllm-native-http-direct-L1-P2-c256-i1024-o256.json
1,vllm,native-http,direct,"vLLM native HTTP server, direct",c32-i1024-o256,32,1024,256,1,2,384,0,35.01,10.97,2808.1,11232.2,670.6,1045.1,8.45,9.84,2875.4,3180.8,5.7,0,t1-vllm-native-http-direct-L1-P2-c32-i1024-o256.json
1,vllm,native-http,direct,"vLLM native HTTP server, direct",c32-i4096-o256,32,4096,256,1,2,256,0,40.02,6.4,1637.6,26201.6,1684.3,2590.7,12.98,17.05,4994.7,5915.8,8.36,0,t1-vllm-native-http-direct-L1-P2-c32-i4096-o256.json
1,vllm,native-http,direct,"vLLM native HTTP server, direct",c64-i2048-o1024,64,2048,1024,1,2,192,0,43.25,4.44,4545.5,9090.8,1374.5,2787.2,12.73,13.36,14403.5,15999.2,9.32,0,t1-vllm-native-http-direct-L1-P2-c64-i2048-o1024.json
1,vllm,native-http,direct,"vLLM native HTTP server, direct",c64-i8192-o256,64,8192,256,1,2,128,0,27.08,4.73,1210.0,38720.7,1794.0,9943.7,45.61,49.28,13367.9,22013.2,5.89,0,t1-vllm-native-http-direct-L1-P2-c64-i8192-o256.json
1,vllm,native-http,direct,"vLLM native HTTP server, direct",c8-i256-o128,8,256,128,1,2,128,0,17.03,7.52,962.3,1924.5,224.7,256.1,6.58,6.6,1059.9,1089.7,1.27,0,t1-vllm-native-http-direct-L1-P2-c8-i256-o128.json
1,vllm,native-http,smg-http,"vLLM native HTTP server, behind smg HTTP mode",c1-i512-o128,1,512,128,1,1,32,0,26.53,1.21,154.4,617.4,60.1,101.7,6.05,6.05,828.3,870.0,1.04,0.45,t1-vllm-native-http-smg-http-L1-P1-c1-i512-o128.json
1,vllm,native-http,smg-http,"vLLM native HTTP server, behind smg HTTP mode",c128-i1024-o256,128,1024,256,1,1,1024,0,52.36,19.56,5006.8,20026.9,1409.7,2799.0,19.86,21.98,6480.9,7961.6,17.36,12.78,t1-vllm-native-http-smg-http-L1-P1-c128-i1024-o256.json
1,vllm,native-http,smg-http,"vLLM native HTTP server, behind smg HTTP mode",c16-i512-o2048,16,512,2048,1,1,64,0,61.45,1.04,2132.9,533.1,237.1,263.7,7.39,7.39,15354.4,15396.6,5.71,6.29,t1-vllm-native-http-smg-http-L1-P1-c16-i512-o2048.json
1,vllm,native-http,smg-http,"vLLM native HTTP server, behind smg HTTP mode",c256-i1024-o256,256,1024,256,1,1,2048,0,89.37,22.92,5866.6,23466.0,1472.4,5498.6,37.64,40.4,11042.3,15039.6,29.77,21.72,t1-vllm-native-http-smg-http-L1-P1-c256-i1024-o256.json
1,vllm,native-http,smg-http,"vLLM native HTTP server, behind smg HTTP mode",c32-i1024-o256,32,1024,256,1,1,384,0,35.41,10.84,2776.2,11104.4,782.2,975.2,8.41,9.47,2974.7,3105.4,6.39,3.98,t1-vllm-native-http-smg-http-L1-P1-c32-i1024-o256.json
1,vllm,native-http,smg-http,"vLLM native HTTP server, behind smg HTTP mode",c32-i4096-o256,32,4096,256,1,1,256,0,39.74,6.44,1649.1,26385.2,1531.4,2616.7,13.56,16.8,4939.1,6167.3,7.17,3.63,t1-vllm-native-http-smg-http-L1-P1-c32-i4096-o256.json
1,vllm,native-http,smg-http,"vLLM native HTTP server, behind smg HTTP mode",c64-i2048-o1024,64,2048,1024,1,1,192,0,42.77,4.49,4596.9,9193.6,1349.1,2554.3,12.58,13.31,14221.4,15688.8,8.07,6.64,t1-vllm-native-http-smg-http-L1-P1-c64-i2048-o1024.json
1,vllm,native-http,smg-http,"vLLM native HTTP server, behind smg HTTP mode",c64-i8192-o256,64,8192,256,1,1,128,0,27.1,4.72,1209.2,38693.3,2074.4,9985.4,44.41,49.03,13390.0,21735.1,5.68,2.02,t1-vllm-native-http-smg-http-L1-P1-c64-i8192-o256.json
1,vllm,native-http,smg-http,"vLLM native HTTP server, behind smg HTTP mode",c8-i256-o128,8,256,128,1,1,128,0,17.32,7.39,945.8,1891.5,245.3,275.6,6.57,6.62,1079.5,1110.1,1.34,0.87,t1-vllm-native-http-smg-http-L1-P1-c8-i256-o128.json
1,vllm,native-http,smg-http,"vLLM native HTTP server, behind smg HTTP mode",c1-i512-o128,1,512,128,1,2,32,0,26.53,1.21,154.4,617.6,59.8,97.9,6.05,6.1,828.1,865.3,1.03,0.47,t1-vllm-native-http-smg-http-L1-P2-c1-i512-o128.json
1,vllm,native-http,smg-http,"vLLM native HTTP server, behind smg HTTP mode",c128-i1024-o256,128,1024,256,1,2,1024,0,51.1,20.04,5129.6,20518.2,1352.1,2778.4,19.65,22.3,6357.0,7691.9,16.36,13.24,t1-vllm-native-http-smg-http-L1-P2-c128-i1024-o256.json
1,vllm,native-http,smg-http,"vLLM native HTTP server, behind smg HTTP mode",c16-i512-o2048,16,512,2048,1,2,64,0,61.52,1.04,2130.7,532.7,246.3,292.2,7.39,7.39,15366.1,15409.5,6.31,7.6,t1-vllm-native-http-smg-http-L1-P2-c16-i512-o2048.json
1,vllm,native-http,smg-http,"vLLM native HTTP server, behind smg HTTP mode",c256-i1024-o256,256,1024,256,1,2,2048,0,89.47,22.89,5859.6,23438.1,1324.2,5593.1,37.74,39.87,11024.5,15459.2,30.65,30.69,t1-vllm-native-http-smg-http-L1-P2-c256-i1024-o256.json
1,vllm,native-http,smg-http,"vLLM native HTTP server, behind smg HTTP mode",c32-i1024-o256,32,1024,256,1,2,384,0,35.66,10.77,2757.1,11027.9,804.9,1006.1,8.36,9.66,2968.2,3135.5,6.34,4.68,t1-vllm-native-http-smg-http-L1-P2-c32-i1024-o256.json
1,vllm,native-http,smg-http,"vLLM native HTTP server, behind smg HTTP mode",c32-i4096-o256,32,4096,256,1,2,256,0,39.68,6.45,1651.6,26425.9,1556.8,2565.4,13.36,16.75,4969.5,5895.9,7.21,4.29,t1-vllm-native-http-smg-http-L1-P2-c32-i4096-o256.json
1,vllm,native-http,smg-http,"vLLM native HTTP server, behind smg HTTP mode",c64-i2048-o1024,64,2048,1024,1,2,192,0,43.07,4.46,4565.3,9130.3,1338.0,2684.8,12.67,13.3,14300.6,15910.9,9.26,8.79,t1-vllm-native-http-smg-http-L1-P2-c64-i2048-o1024.json
1,vllm,native-http,smg-http,"vLLM native HTTP server, behind smg HTTP mode",c64-i8192-o256,64,8192,256,1,2,128,0,27.04,4.73,1211.8,38778.6,2075.5,9997.0,44.16,49.39,13340.2,21673.0,6.38,2.35,t1-vllm-native-http-smg-http-L1-P2-c64-i8192-o256.json
1,vllm,native-http,smg-http,"vLLM native HTTP server, behind smg HTTP mode",c8-i256-o128,8,256,128,1,2,128,0,17.33,7.38,945.2,1890.3,239.3,314.6,6.57,6.59,1074.1,1148.2,1.31,1.1,t1-vllm-native-http-smg-http-L1-P2-c8-i256-o128.json
1,vllm,python-grpc,smg-grpc,"vLLM gRPC servicer, Python implementation, behind smg gRPC mode",c1-i512-o128,1,512,128,1,1,32,0,26.45,1.21,154.9,619.4,56.9,93.4,6.05,6.06,825.6,860.3,0.82,0.61,t1-vllm-python-grpc-smg-grpc-L1-P1-c1-i512-o128.json
1,vllm,python-grpc,smg-grpc,"vLLM gRPC servicer, Python implementation, behind smg gRPC mode",c128-i1024-o256,128,1024,256,1,1,1024,0,52.3,19.58,5012.5,20049.9,1385.3,2891.4,19.61,22.83,6399.7,8314.0,15.02,14.61,t1-vllm-python-grpc-smg-grpc-L1-P1-c128-i1024-o256.json
1,vllm,python-grpc,smg-grpc,"vLLM gRPC servicer, Python implementation, behind smg gRPC mode",c16-i512-o2048,16,512,2048,1,1,64,0,61.4,1.04,2134.7,533.6,222.7,258.3,7.38,7.4,15334.6,15388.6,6.12,5.46,t1-vllm-python-grpc-smg-grpc-L1-P1-c16-i512-o2048.json
1,vllm,python-grpc,smg-grpc,"vLLM gRPC servicer, Python implementation, behind smg gRPC mode",c256-i1024-o256,256,1024,256,1,1,2048,0,123.44,16.59,4247.4,16989.4,1180.0,9979.4,56.65,62.85,15475.0,25717.7,32.17,35.61,t1-vllm-python-grpc-smg-grpc-L1-P1-c256-i1024-o256.json
1,vllm,python-grpc,smg-grpc,"vLLM gRPC servicer, Python implementation, behind smg gRPC mode",c32-i1024-o256,32,1024,256,1,1,384,0,35.75,10.74,2750.0,10999.9,786.4,1062.8,8.41,9.53,2929.3,3209.7,5.12,5.53,t1-vllm-python-grpc-smg-grpc-L1-P1-c32-i1024-o256.json
1,vllm,python-grpc,smg-grpc,"vLLM gRPC servicer, Python implementation, behind smg gRPC mode",c32-i4096-o256,32,4096,256,1,1,256,0,40.0,6.4,1638.4,26214.4,1718.6,2824.1,12.61,16.87,4949.9,6301.2,3.1,9.28,t1-vllm-python-grpc-smg-grpc-L1-P1-c32-i4096-o256.json
1,vllm,python-grpc,smg-grpc,"vLLM gRPC servicer, Python implementation, behind smg gRPC mode",c64-i2048-o1024,64,2048,1024,1,1,192,0,43.01,4.46,4571.7,9143.3,1329.2,2616.3,12.67,13.24,14309.2,15950.6,9.12,9.61,t1-vllm-python-grpc-smg-grpc-L1-P1-c64-i2048-o1024.json
1,vllm,python-grpc,smg-grpc,"vLLM gRPC servicer, Python implementation, behind smg gRPC mode",c64-i8192-o256,64,8192,256,1,1,128,0,27.35,4.68,1198.3,38344.0,2072.0,10276.8,44.25,50.09,13483.8,21972.5,1.61,7.08,t1-vllm-python-grpc-smg-grpc-L1-P1-c64-i8192-o256.json
1,vllm,python-grpc,smg-grpc,"vLLM gRPC servicer, Python implementation, behind smg gRPC mode",c8-i256-o128,8,256,128,1,1,128,0,17.06,7.5,960.3,1920.3,223.1,319.5,6.58,6.6,1058.9,1154.4,0.99,1.18,t1-vllm-python-grpc-smg-grpc-L1-P1-c8-i256-o128.json
1,vllm,python-grpc,smg-grpc,"vLLM gRPC servicer, Python implementation, behind smg gRPC mode",c1-i512-o128,1,512,128,1,2,32,0,26.64,1.2,153.8,615.1,63.6,91.2,6.05,6.05,831.6,859.5,0.83,0.66,t1-vllm-python-grpc-smg-grpc-L1-P2-c1-i512-o128.json
1,vllm,python-grpc,smg-grpc,"vLLM gRPC servicer, Python implementation, behind smg gRPC mode",c128-i1024-o256,128,1024,256,1,2,1024,0,51.26,19.98,5113.8,20454.9,1356.2,2637.0,19.81,22.31,6374.3,7548.6,14.63,18.25,t1-vllm-python-grpc-smg-grpc-L1-P2-c128-i1024-o256.json
1,vllm,python-grpc,smg-grpc,"vLLM gRPC servicer, Python implementation, behind smg gRPC mode",c16-i512-o2048,16,512,2048,1,2,64,0,61.42,1.04,2134.1,533.5,225.5,252.4,7.39,7.39,15346.5,15374.8,6.62,5.66,t1-vllm-python-grpc-smg-grpc-L1-P2-c16-i512-o2048.json
1,vllm,python-grpc,smg-grpc,"vLLM gRPC servicer, Python implementation, behind smg gRPC mode",c256-i1024-o256,256,1024,256,1,2,2048,0,89.85,22.79,5835.1,23339.9,1507.5,5473.8,37.74,40.52,11196.0,14839.8,30.93,34.5,t1-vllm-python-grpc-smg-grpc-L1-P2-c256-i1024-o256.json
1,vllm,python-grpc,smg-grpc,"vLLM gRPC servicer, Python implementation, behind smg gRPC mode",c32-i1024-o256,32,1024,256,1,2,384,0,34.98,10.98,2810.6,11242.3,717.9,997.8,8.41,9.49,2883.2,3143.3,4.39,7.35,t1-vllm-python-grpc-smg-grpc-L1-P2-c32-i1024-o256.json
1,vllm,python-grpc,smg-grpc,"vLLM gRPC servicer, Python implementation, behind smg gRPC mode",c32-i4096-o256,32,4096,256,1,2,256,0,40.23,6.36,1629.2,26066.6,1761.9,2654.2,12.7,16.99,5002.7,5881.2,4.1,8.87,t1-vllm-python-grpc-smg-grpc-L1-P2-c32-i4096-o256.json
1,vllm,python-grpc,smg-grpc,"vLLM gRPC servicer, Python implementation, behind smg gRPC mode",c64-i2048-o1024,64,2048,1024,1,2,192,0,43.08,4.46,4563.9,9127.9,1598.5,2679.6,12.51,13.32,14306.7,15657.8,8.56,10.61,t1-vllm-python-grpc-smg-grpc-L1-P2-c64-i2048-o1024.json
1,vllm,python-grpc,smg-grpc,"vLLM gRPC servicer, Python implementation, behind smg gRPC mode",c64-i8192-o256,64,8192,256,1,2,128,0,27.06,4.73,1210.8,38744.7,2356.4,9970.3,43.08,49.26,13378.1,21490.5,1.8,7.51,t1-vllm-python-grpc-smg-grpc-L1-P2-c64-i8192-o256.json
1,vllm,python-grpc,smg-grpc,"vLLM gRPC servicer, Python implementation, behind smg gRPC mode",c8-i256-o128,8,256,128,1,2,128,0,17.17,7.45,954.0,1907.8,232.3,271.0,6.59,6.63,1068.5,1105.9,1.07,1.57,t1-vllm-python-grpc-smg-grpc-L1-P2-c8-i256-o128.json
1,vllm,rust-frontend,direct,"vLLM Rust frontend, direct",c1-i512-o128,1,512,128,1,1,32,0,26.64,1.2,153.8,615.1,55.0,104.4,6.06,6.93,824.6,933.9,0.01,0,t1-vllm-rust-frontend-direct-L1-P1-c1-i512-o128.json
1,vllm,rust-frontend,direct,"vLLM Rust frontend, direct",c128-i1024-o256,128,1024,256,1,1,1024,0,50.59,20.24,5181.7,20726.4,1104.8,2846.8,20.25,21.98,6239.0,8445.4,0.0,0,t1-vllm-rust-frontend-direct-L1-P1-c128-i1024-o256.json
1,vllm,rust-frontend,direct,"vLLM Rust frontend, direct",c16-i512-o2048,16,512,2048,1,1,64,0,61.37,1.04,2135.8,533.9,231.5,242.4,7.39,7.39,15342.2,15370.8,0.0,0,t1-vllm-rust-frontend-direct-L1-P1-c16-i512-o2048.json
1,vllm,rust-frontend,direct,"vLLM Rust frontend, direct",c256-i1024-o256,256,1024,256,1,1,2048,0,89.21,22.96,5877.0,23507.7,1199.8,5560.9,38.2,40.08,10915.1,15509.4,0.02,0,t1-vllm-rust-frontend-direct-L1-P1-c256-i1024-o256.json
1,vllm,rust-frontend,direct,"vLLM Rust frontend, direct",c32-i1024-o256,32,1024,256,1,1,384,0,36.47,10.53,2695.6,10782.3,820.1,1184.6,8.42,9.55,2998.8,3489.9,0.01,0,t1-vllm-rust-frontend-direct-L1-P1-c32-i1024-o256.json
1,vllm,rust-frontend,direct,"vLLM Rust frontend, direct",c32-i4096-o256,32,4096,256,1,1,256,0,40.9,6.26,1602.3,25637.3,1052.7,2876.2,15.88,17.66,5089.1,7075.2,0.0,0,t1-vllm-rust-frontend-direct-L1-P1-c32-i4096-o256.json
1,vllm,rust-frontend,direct,"vLLM Rust frontend, direct",c64-i2048-o1024,64,2048,1024,1,1,192,0,44.11,4.35,4456.9,8913.8,1228.9,2886.2,13.09,13.68,14725.7,16485.8,0.0,0,t1-vllm-rust-frontend-direct-L1-P1-c64-i2048-o1024.json
1,vllm,rust-frontend,direct,"vLLM Rust frontend, direct",c64-i8192-o256,64,8192,256,1,1,128,0,27.69,4.62,1183.4,37869.1,1518.6,10448.4,47.19,50.03,13664.2,22939.5,0.01,0,t1-vllm-rust-frontend-direct-L1-P1-c64-i8192-o256.json
1,vllm,rust-frontend,direct,"vLLM Rust frontend, direct",c8-i256-o128,8,256,128,1,1,128,0,17.53,7.3,934.9,1869.5,240.6,364.4,6.6,6.88,1089.1,1200.2,0.0,0,t1-vllm-rust-frontend-direct-L1-P1-c8-i256-o128.json
1,vllm,rust-frontend,direct,"vLLM Rust frontend, direct",c1-i512-o128,1,512,128,1,2,32,0,26.24,1.22,156.1,624.5,50.1,84.5,6.05,6.06,819.1,853.7,0.0,0,t1-vllm-rust-frontend-direct-L1-P2-c1-i512-o128.json
1,vllm,rust-frontend,direct,"vLLM Rust frontend, direct",c128-i1024-o256,128,1024,256,1,2,1024,0,49.98,20.49,5245.3,20980.6,1102.4,2557.2,20.23,21.71,6206.3,7966.8,0.01,0,t1-vllm-rust-frontend-direct-L1-P2-c128-i1024-o256.json
1,vllm,rust-frontend,direct,"vLLM Rust frontend, direct",c16-i512-o2048,16,512,2048,1,2,64,0,62.09,1.03,2110.9,527.7,369.0,528.2,7.38,7.39,15482.7,15642.2,0.01,0,t1-vllm-rust-frontend-direct-L1-P2-c16-i512-o2048.json
1,vllm,rust-frontend,direct,"vLLM Rust frontend, direct",c256-i1024-o256,256,1024,256,1,2,2048,0,91.09,22.48,5755.6,23022.1,1227.9,5247.6,39.12,41.27,11225.2,14969.7,0.01,0,t1-vllm-rust-frontend-direct-L1-P2-c256-i1024-o256.json
1,vllm,rust-frontend,direct,"vLLM Rust frontend, direct",c32-i1024-o256,32,1024,256,1,2,384,0,35.63,10.78,2758.6,11034.4,766.7,974.5,8.42,9.56,2979.5,3120.5,0.01,0,t1-vllm-rust-frontend-direct-L1-P2-c32-i1024-o256.json
1,vllm,rust-frontend,direct,"vLLM Rust frontend, direct",c32-i4096-o256,32,4096,256,1,2,256,0,38.43,6.66,1705.2,27283.3,1047.8,2434.0,14.67,16.67,4794.4,6338.7,0.0,0,t1-vllm-rust-frontend-direct-L1-P2-c32-i4096-o256.json
1,vllm,rust-frontend,direct,"vLLM Rust frontend, direct",c64-i2048-o1024,64,2048,1024,1,2,192,0,43.23,4.44,4547.8,9095.6,1084.2,2653.0,12.94,13.41,14294.2,16166.5,0.0,0,t1-vllm-rust-frontend-direct-L1-P2-c64-i2048-o1024.json
1,vllm,rust-frontend,direct,"vLLM Rust frontend, direct",c64-i8192-o256,64,8192,256,1,2,128,0,27.0,4.74,1213.8,38841.7,1509.0,9912.0,47.19,49.46,13309.7,22417.8,0.0,0,t1-vllm-rust-frontend-direct-L1-P2-c64-i8192-o256.json
1,vllm,rust-frontend,direct,"vLLM Rust frontend, direct",c8-i256-o128,8,256,128,1,2,128,0,17.51,7.31,935.5,1870.9,237.0,365.6,6.59,6.64,1076.9,1202.4,0.0,0,t1-vllm-rust-frontend-direct-L1-P2-c8-i256-o128.json
1,vllm,rust-frontend,smg-http,"vLLM Rust frontend, behind smg HTTP mode",c1-i512-o128,1,512,128,1,1,32,0,26.24,1.22,156.1,624.3,49.7,76.3,6.05,6.08,818.6,845.4,0.0,0.32,t1-vllm-rust-frontend-smg-http-L1-P1-c1-i512-o128.json
1,vllm,rust-frontend,smg-http,"vLLM Rust frontend, behind smg HTTP mode",c128-i1024-o256,128,1024,256,1,1,1024,0,50.01,20.47,5241.6,20965.9,1074.8,2609.8,20.16,21.41,6194.0,7980.9,0.01,9.09,t1-vllm-rust-frontend-smg-http-L1-P1-c128-i1024-o256.json
1,vllm,rust-frontend,smg-http,"vLLM Rust frontend, behind smg HTTP mode",c16-i512-o2048,16,512,2048,1,1,64,0,61.51,1.04,2131.0,532.7,232.0,263.5,7.39,7.4,15369.1,15408.7,0.02,5.82,t1-vllm-rust-frontend-smg-http-L1-P1-c16-i512-o2048.json
1,vllm,rust-frontend,smg-http,"vLLM Rust frontend, behind smg HTTP mode",c256-i1024-o256,256,1024,256,1,1,2048,0,88.87,23.05,5899.8,23598.7,1496.1,5596.1,37.02,39.8,10883.2,15283.9,0.01,21.79,t1-vllm-rust-frontend-smg-http-L1-P1-c256-i1024-o256.json
1,vllm,rust-frontend,smg-http,"vLLM Rust frontend, behind smg HTTP mode",c32-i1024-o256,32,1024,256,1,1,384,0,37.21,10.32,2642.0,10567.7,867.0,1167.8,8.42,9.72,3137.9,3369.1,0.0,3.48,t1-vllm-rust-frontend-smg-http-L1-P1-c32-i1024-o256.json
1,vllm,rust-frontend,smg-http,"vLLM Rust frontend, behind smg HTTP mode",c32-i4096-o256,32,4096,256,1,1,256,0,39.25,6.52,1669.7,26715.4,1008.8,2598.2,15.31,16.96,4895.0,6668.7,0.01,2.39,t1-vllm-rust-frontend-smg-http-L1-P1-c32-i4096-o256.json
1,vllm,rust-frontend,smg-http,"vLLM Rust frontend, behind smg HTTP mode",c64-i2048-o1024,64,2048,1024,1,1,192,0,43.33,4.43,4537.8,9075.6,1137.6,2576.2,13.02,13.5,14459.7,16199.2,0.01,8.08,t1-vllm-rust-frontend-smg-http-L1-P1-c64-i2048-o1024.json
1,vllm,rust-frontend,smg-http,"vLLM Rust frontend, behind smg HTTP mode",c64-i8192-o256,64,8192,256,1,1,128,0,27.17,4.71,1206.1,38595.1,1505.1,10017.0,47.13,49.64,13394.0,22490.3,0.0,1.7,t1-vllm-rust-frontend-smg-http-L1-P1-c64-i8192-o256.json
1,vllm,rust-frontend,smg-http,"vLLM Rust frontend, behind smg HTTP mode",c8-i256-o128,8,256,128,1,1,128,0,17.2,7.44,952.7,1905.3,232.7,278.7,6.59,6.71,1074.3,1113.7,0.01,0.95,t1-vllm-rust-frontend-smg-http-L1-P1-c8-i256-o128.json
1,vllm,rust-frontend,smg-http,"vLLM Rust frontend, behind smg HTTP mode",c1-i512-o128,1,512,128,1,2,32,0,26.31,1.22,155.7,622.8,52.4,95.9,6.05,6.08,821.2,865.0,0.01,0.42,t1-vllm-rust-frontend-smg-http-L1-P2-c1-i512-o128.json
1,vllm,rust-frontend,smg-http,"vLLM Rust frontend, behind smg HTTP mode",c128-i1024-o256,128,1024,256,1,2,1024,0,51.26,19.98,5114.3,20456.6,1081.1,2580.6,20.66,22.87,6336.0,8106.1,0.0,10.92,t1-vllm-rust-frontend-smg-http-L1-P2-c128-i1024-o256.json
1,vllm,rust-frontend,smg-http,"vLLM Rust frontend, behind smg HTTP mode",c16-i512-o2048,16,512,2048,1,2,64,0,61.47,1.04,2132.2,533.1,234.9,265.1,7.39,7.4,15359.8,15393.8,0.01,4.9,t1-vllm-rust-frontend-smg-http-L1-P2-c16-i512-o2048.json
1,vllm,rust-frontend,smg-http,"vLLM Rust frontend, behind smg HTTP mode",c256-i1024-o256,256,1024,256,1,2,2048,0,89.12,22.98,5883.0,23531.6,1388.8,5247.9,38.01,39.82,11004.9,14666.4,0.01,23.17,t1-vllm-rust-frontend-smg-http-L1-P2-c256-i1024-o256.json
1,vllm,rust-frontend,smg-http,"vLLM Rust frontend, behind smg HTTP mode",c32-i1024-o256,32,1024,256,1,2,384,0,36.9,10.41,2664.3,10656.8,885.9,1139.0,8.43,9.55,3075.1,3289.8,0.01,4.66,t1-vllm-rust-frontend-smg-http-L1-P2-c32-i1024-o256.json
1,vllm,rust-frontend,smg-http,"vLLM Rust frontend, behind smg HTTP mode",c32-i4096-o256,32,4096,256,1,2,256,0,38.93,6.58,1683.6,26936.8,1028.5,2454.4,15.08,17.18,4844.8,6621.6,0.0,3.05,t1-vllm-rust-frontend-smg-http-L1-P2-c32-i4096-o256.json
1,vllm,rust-frontend,smg-http,"vLLM Rust frontend, behind smg HTTP mode",c64-i2048-o1024,64,2048,1024,1,2,192,0,42.9,4.48,4583.3,9166.6,1088.7,2555.3,12.86,13.36,14262.0,15964.8,0.0,7.42,t1-vllm-rust-frontend-smg-http-L1-P2-c64-i2048-o1024.json
1,vllm,rust-frontend,smg-http,"vLLM Rust frontend, behind smg HTTP mode",c64-i8192-o256,64,8192,256,1,2,128,0,26.99,4.74,1214.0,38847.9,1508.1,9946.1,46.97,49.45,13309.0,22407.0,0.01,1.62,t1-vllm-rust-frontend-smg-http-L1-P2-c64-i8192-o256.json
1,vllm,rust-frontend,smg-http,"vLLM Rust frontend, behind smg HTTP mode",c8-i256-o128,8,256,128,1,2,128,0,17.75,7.21,922.8,1845.5,241.5,442.1,6.67,6.95,1090.6,1280.7,0.0,1.11,t1-vllm-rust-frontend-smg-http-L1-P2-c8-i256-o128.json
1,vllm,rust-grpc,smg-grpc,"vLLM gRPC servicer, Rust implementation, behind smg gRPC mode",c1-i512-o128,1,512,128,1,1,32,0,26.33,1.22,155.6,622.2,52.8,94.9,6.06,6.06,822.0,863.8,0.54,0.57,t1-vllm-rust-grpc-smg-grpc-L1-P1-c1-i512-o128.json
1,vllm,rust-grpc,smg-grpc,"vLLM gRPC servicer, Rust implementation, behind smg gRPC mode",c128-i1024-o256,128,1024,256,1,1,1024,0,51.14,20.03,5126.4,20505.4,1334.9,2951.2,19.63,22.0,6314.3,8291.9,3.74,24.96,t1-vllm-rust-grpc-smg-grpc-L1-P1-c128-i1024-o256.json
1,vllm,rust-grpc,smg-grpc,"vLLM gRPC servicer, Rust implementation, behind smg gRPC mode",c16-i512-o2048,16,512,2048,1,1,64,0,61.49,1.04,2131.6,532.9,237.1,273.4,7.39,7.4,15363.8,15406.3,5.31,7.01,t1-vllm-rust-grpc-smg-grpc-L1-P1-c16-i512-o2048.json
1,vllm,rust-grpc,smg-grpc,"vLLM gRPC servicer, Rust implementation, behind smg gRPC mode",c256-i1024-o256,256,1024,256,1,1,2048,0,90.99,22.51,5762.1,23047.8,1477.2,5601.2,37.79,40.01,11200.8,15302.3,10.63,47.9,t1-vllm-rust-grpc-smg-grpc-L1-P1-c256-i1024-o256.json
1,vllm,rust-grpc,smg-grpc,"vLLM gRPC servicer, Rust implementation, behind smg gRPC mode",c32-i1024-o256,32,1024,256,1,1,384,0,36.33,10.57,2706.1,10824.3,850.6,1040.3,8.42,9.46,3024.8,3190.5,4.07,6.23,t1-vllm-rust-grpc-smg-grpc-L1-P1-c32-i1024-o256.json
1,vllm,rust-grpc,smg-grpc,"vLLM gRPC servicer, Rust implementation, behind smg gRPC mode",c32-i4096-o256,32,4096,256,1,1,256,0,39.82,6.43,1645.7,26331.3,1720.5,2762.3,12.65,16.89,4945.0,6129.1,2.88,9.74,t1-vllm-rust-grpc-smg-grpc-L1-P1-c32-i4096-o256.json
1,vllm,rust-grpc,smg-grpc,"vLLM gRPC servicer, Rust implementation, behind smg gRPC mode",c64-i2048-o1024,64,2048,1024,1,1,192,0,42.97,4.47,4575.3,9150.5,1592.0,2570.4,12.46,13.28,14277.9,15639.4,5.83,14.1,t1-vllm-rust-grpc-smg-grpc-L1-P1-c64-i2048-o1024.json
1,vllm,rust-grpc,smg-grpc,"vLLM gRPC servicer, Rust implementation, behind smg gRPC mode",c64-i8192-o256,64,8192,256,1,1,128,0,27.35,4.68,1197.9,38333.6,2084.0,10245.8,44.35,49.98,13489.9,21976.8,1.35,7.62,t1-vllm-rust-grpc-smg-grpc-L1-P1-c64-i8192-o256.json
1,vllm,rust-grpc,smg-grpc,"vLLM gRPC servicer, Rust implementation, behind smg gRPC mode",c8-i256-o128,8,256,128,1,1,128,0,17.44,7.34,939.7,1879.4,246.0,301.6,6.59,6.61,1081.6,1136.9,0.85,1.11,t1-vllm-rust-grpc-smg-grpc-L1-P1-c8-i256-o128.json
1,vllm,rust-grpc,smg-grpc,"vLLM gRPC servicer, Rust implementation, behind smg gRPC mode",c1-i512-o128,1,512,128,1,2,32,0,26.41,1.21,155.1,620.4,54.4,79.3,6.06,6.06,823.7,848.9,0.63,0.63,t1-vllm-rust-grpc-smg-grpc-L1-P2-c1-i512-o128.json
1,vllm,rust-grpc,smg-grpc,"vLLM gRPC servicer, Rust implementation, behind smg gRPC mode",c128-i1024-o256,128,1024,256,1,2,1024,0,51.86,19.75,5054.9,20219.0,1380.7,2581.7,20.05,22.41,6474.6,7703.0,7.32,25.02,t1-vllm-rust-grpc-smg-grpc-L1-P2-c128-i1024-o256.json
1,vllm,rust-grpc,smg-grpc,"vLLM gRPC servicer, Rust implementation, behind smg gRPC mode",c16-i512-o2048,16,512,2048,1,2,64,0,61.44,1.04,2133.4,533.4,224.3,262.4,7.39,7.39,15349.2,15386.3,4.68,6.96,t1-vllm-rust-grpc-smg-grpc-L1-P2-c16-i512-o2048.json
1,vllm,rust-grpc,smg-grpc,"vLLM gRPC servicer, Rust implementation, behind smg gRPC mode",c256-i1024-o256,256,1024,256,1,2,2048,0,116.64,17.56,4494.9,17979.3,1150.2,8231.4,52.94,57.22,14635.1,22752.1,17.04,50.59,t1-vllm-rust-grpc-smg-grpc-L1-P2-c256-i1024-o256.json
1,vllm,rust-grpc,smg-grpc,"vLLM gRPC servicer, Rust implementation, behind smg gRPC mode",c32-i1024-o256,32,1024,256,1,2,384,0,34.66,11.08,2836.6,11346.1,725.9,913.9,8.42,9.34,2879.5,3060.5,3.38,8.25,t1-vllm-rust-grpc-smg-grpc-L1-P2-c32-i1024-o256.json
1,vllm,rust-grpc,smg-grpc,"vLLM gRPC servicer, Rust implementation, behind smg gRPC mode",c32-i4096-o256,32,4096,256,1,2,256,0,39.56,6.47,1656.6,26505.2,1717.9,2573.0,12.65,16.83,4935.7,5813.5,2.32,9.32,t1-vllm-rust-grpc-smg-grpc-L1-P2-c32-i4096-o256.json
1,vllm,rust-grpc,smg-grpc,"vLLM gRPC servicer, Rust implementation, behind smg gRPC mode",c64-i2048-o1024,64,2048,1024,1,2,192,0,42.86,4.48,4586.7,9173.4,1540.4,2558.0,12.45,13.28,14271.0,15431.1,4.49,13.74,t1-vllm-rust-grpc-smg-grpc-L1-P2-c64-i2048-o1024.json
1,vllm,rust-grpc,smg-grpc,"vLLM gRPC servicer, Rust implementation, behind smg gRPC mode",c64-i8192-o256,64,8192,256,1,2,128,0,26.92,4.76,1217.4,38957.9,2054.9,9918.4,44.02,49.28,13279.9,21536.0,0.88,7.92,t1-vllm-rust-grpc-smg-grpc-L1-P2-c64-i8192-o256.json
1,vllm,rust-grpc,smg-grpc,"vLLM gRPC servicer, Rust implementation, behind smg gRPC mode",c8-i256-o128,8,256,128,1,2,128,0,17.6,7.27,930.9,1861.8,246.6,345.0,6.59,6.61,1082.7,1181.4,0.84,1.41,t1-vllm-rust-grpc-smg-grpc-L1-P2-c8-i256-o128.json
