topo,engine,kind,endpoint,stack,shape,n,requests,errors,req_per_s,out_tok_per_s,in_tok_per_s,ttft_p50_ms,ttft_p99_ms,tpot_p50_ms,tpot_p99_ms,e2e_p50_ms,e2e_p99_ms,worker_cpu_s,router_cpu_s,req_per_s_spread_pct
1,sglang,python-grpc,smg-grpc,"SGLang gRPC servicer, Python implementation, behind smg gRPC mode",c1-i512-o128,2,64,0,1.25,159.75,638.95,67.5,111.1,5.77,5.775,800.4,843.5,0.99,0.53,0.0
1,sglang,rust-grpc,smg-grpc,"SGLang gRPC servicer, Rust implementation, behind smg gRPC mode",c1-i512-o128,2,64,0,1.28,163.85000000000002,655.4000000000001,65.05000000000001,105.95,5.63,5.65,780.15,821.5,0.45,0.5449999999999999,0.0
1,vllm,python-grpc,smg-grpc,"vLLM gRPC servicer, Python implementation, behind smg gRPC mode",c1-i512-o128,2,64,0,1.205,154.35000000000002,617.25,60.25,92.30000000000001,6.05,6.055,828.6,859.9,0.825,0.635,0.83
1,vllm,rust-grpc,smg-grpc,"vLLM gRPC servicer, Rust implementation, behind smg gRPC mode",c1-i512-o128,2,64,0,1.2149999999999999,155.35,621.3,53.599999999999994,87.1,6.06,6.06,822.85,856.3499999999999,0.585,0.6,0.82
1,tokenspeed,python-grpc,smg-grpc,"TokenSpeed gRPC servicer, Python implementation, behind smg gRPC mode",c1-i512-o128,2,64,0,1.1549999999999998,147.65,590.55,51.7,88.85,6.405,6.675,865.25,903.45,0.865,0.61,0.87
1,tokenspeed,rust-grpc,smg-grpc,"TokenSpeed gRPC servicer, Rust implementation, behind smg gRPC mode",c1-i512-o128,2,64,0,1.15,147.75,591.05,51.7,92.6,6.41,6.66,865.2,909.55,0.865,0.595,0.0
1,sglang,native-http,direct,"SGLang native HTTP server, direct",c1-i512-o128,2,64,0,1.28,164.25,657.05,65.94999999999999,104.85,5.625,5.63,779.8,814.25,0.845,0,0.0
1,sglang,native-http,smg-http,"SGLang native HTTP server, behind smg HTTP mode",c1-i512-o128,2,64,0,1.28,163.95,655.7,69.30000000000001,106.9,5.615,5.63,782.3,817.45,0.9750000000000001,0.42,0.0
1,vllm,native-http,direct,"vLLM native HTTP server, direct",c1-i512-o128,2,64,0,1.21,154.85,619.5,57.5,101.0,6.05,6.055,825.7,868.0999999999999,1.105,0,0.0
1,vllm,native-http,smg-http,"vLLM native HTTP server, behind smg HTTP mode",c1-i512-o128,2,64,0,1.21,154.4,617.5,59.95,99.80000000000001,6.05,6.074999999999999,828.2,867.65,1.0350000000000001,0.45999999999999996,0.0
1,vllm,rust-frontend,direct,"vLLM Rust frontend, direct",c1-i512-o128,2,64,0,1.21,154.95,619.8,52.55,94.45,6.055,6.494999999999999,821.85,893.8,0.005,0,1.65
1,vllm,rust-frontend,smg-http,"vLLM Rust frontend, behind smg HTTP mode",c1-i512-o128,2,64,0,1.22,155.89999999999998,623.55,51.05,86.1,6.05,6.08,819.9000000000001,855.2,0.005,0.37,0.0
1,sglang,python-grpc,smg-grpc,"SGLang gRPC servicer, Python implementation, behind smg gRPC mode",c8-i256-o128,2,256,0,8.745000000000001,1119.4499999999998,2238.85,126.55,149.2,6.19,6.235,912.35,937.1,1.2,1.29,0.11
1,sglang,rust-grpc,smg-grpc,"SGLang gRPC servicer, Rust implementation, behind smg gRPC mode",c8-i256-o128,2,256,0,8.765,1121.75,2243.4,122.25,140.65,6.2,6.26,910.55,931.3,0.715,1.395,0.34
1,vllm,python-grpc,smg-grpc,"vLLM gRPC servicer, Python implementation, behind smg gRPC mode",c8-i256-o128,2,256,0,7.475,957.15,1914.05,227.7,295.25,6.585,6.615,1063.7,1130.15,1.03,1.375,0.67
1,vllm,rust-grpc,smg-grpc,"vLLM gRPC servicer, Rust implementation, behind smg gRPC mode",c8-i256-o128,2,256,0,7.305,935.3,1870.6,246.3,323.3,6.59,6.61,1082.15,1159.15,0.845,1.26,0.96
1,tokenspeed,python-grpc,smg-grpc,"TokenSpeed gRPC servicer, Python implementation, behind smg gRPC mode",c8-i256-o128,2,256,0,7.890000000000001,1009.8,2019.35,112.60000000000001,142.85000000000002,7.05,7.725,1008.6,1052.6,1.1949999999999998,1.295,2.53
1,tokenspeed,rust-grpc,smg-grpc,"TokenSpeed gRPC servicer, Rust implementation, behind smg gRPC mode",c8-i256-o128,2,256,0,8.030000000000001,1028.2,2056.2,91.65,146.85,7.035,7.8100000000000005,986.4,1066.75,1.2999999999999998,1.5150000000000001,0.5
1,sglang,native-http,direct,"SGLang native HTTP server, direct",c8-i256-o128,2,256,0,8.74,1119.1999999999998,2238.0,128.25,149.39999999999998,6.18,6.235,912.9000000000001,933.65,1.1949999999999998,0,0.23
1,sglang,native-http,smg-http,"SGLang native HTTP server, behind smg HTTP mode",c8-i256-o128,2,256,0,8.75,1120.1,2240.3,129.05,150.05,6.18,6.23,913.6,932.0999999999999,1.24,1.045,0.0
1,vllm,native-http,direct,"vLLM native HTTP server, direct",c8-i256-o128,2,256,0,7.49,958.5,1916.8,227.5,262.9,6.575,6.595,1062.2,1097.0,1.33,0,0.8
1,vllm,native-http,smg-http,"vLLM native HTTP server, behind smg HTTP mode",c8-i256-o128,2,256,0,7.385,945.5,1890.9,242.3,295.1,6.57,6.605,1076.8,1129.15,1.3250000000000002,0.9850000000000001,0.14
1,vllm,rust-frontend,direct,"vLLM Rust frontend, direct",c8-i256-o128,2,256,0,7.305,935.2,1870.2,238.8,365.0,6.595,6.76,1083.0,1201.3000000000002,0.0,0,0.14
1,vllm,rust-frontend,smg-http,"vLLM Rust frontend, behind smg HTTP mode",c8-i256-o128,2,256,0,7.325,937.75,1875.4,237.1,360.4,6.63,6.83,1082.4499999999998,1197.2,0.005,1.03,3.14
1,sglang,python-grpc,smg-grpc,"SGLang gRPC servicer, Python implementation, behind smg gRPC mode",c16-i512-o2048,2,128,0,1.06,2174.05,543.5,240.8,267.05,7.24,7.305,15066.5,15095.5,7.345,6.869999999999999,0.0
1,sglang,rust-grpc,smg-grpc,"SGLang gRPC servicer, Rust implementation, behind smg gRPC mode",c16-i512-o2048,2,128,0,1.06,2177.8,544.4,236.14999999999998,245.1,7.23,7.305,15036.7,15082.8,4.63,6.880000000000001,0.0
1,vllm,python-grpc,smg-grpc,"vLLM gRPC servicer, Python implementation, behind smg gRPC mode",c16-i512-o2048,2,128,0,1.04,2134.3999999999996,533.55,224.1,255.35000000000002,7.385,7.395,15340.55,15381.7,6.37,5.5600000000000005,0.0
1,vllm,rust-grpc,smg-grpc,"vLLM gRPC servicer, Rust implementation, behind smg gRPC mode",c16-i512-o2048,2,128,0,1.04,2132.5,533.15,230.7,267.9,7.39,7.395,15356.5,15396.3,4.994999999999999,6.984999999999999,0.0
1,tokenspeed,python-grpc,smg-grpc,"TokenSpeed gRPC servicer, Python implementation, behind smg gRPC mode",c16-i512-o2048,2,128,0,0.96,1969.5,492.4,210.0,247.75,8.015,8.105,16632.449999999997,16677.7,7.75,6.425,0.0
1,tokenspeed,rust-grpc,smg-grpc,"TokenSpeed gRPC servicer, Rust implementation, behind smg gRPC mode",c16-i512-o2048,2,128,0,0.96,1967.1999999999998,491.8,216.7,249.60000000000002,8.02,8.129999999999999,16646.949999999997,16698.85,8.05,6.895,0.0
1,sglang,native-http,direct,"SGLang native HTTP server, direct",c16-i512-o2048,2,128,0,1.07,2185.1499999999996,546.25,241.8,248.9,7.21,7.27,14998.849999999999,15028.650000000001,6.115,0,0.0
1,sglang,native-http,smg-http,"SGLang native HTTP server, behind smg HTTP mode",c16-i512-o2048,2,128,0,1.065,2182.7,545.6,244.55,270.0,7.215,7.27,15006.849999999999,15032.15,6.55,6.140000000000001,0.94
1,vllm,native-http,direct,"vLLM native HTTP server, direct",c16-i512-o2048,2,128,0,1.04,2133.8500000000004,533.5,236.39999999999998,274.2,7.385,7.39,15348.9,15385.8,6.0649999999999995,0,0.0
1,vllm,native-http,smg-http,"vLLM native HTTP server, behind smg HTTP mode",c16-i512-o2048,2,128,0,1.04,2131.8,532.9000000000001,241.7,277.95,7.39,7.39,15360.25,15403.05,6.01,6.945,0.0
1,vllm,rust-frontend,direct,"vLLM Rust frontend, direct",c16-i512-o2048,2,128,0,1.0350000000000001,2123.3500000000004,530.8,300.25,385.3,7.385,7.39,15412.45,15506.5,0.005,0,0.97
1,vllm,rust-frontend,smg-http,"vLLM Rust frontend, behind smg HTTP mode",c16-i512-o2048,2,128,0,1.04,2131.6,532.9000000000001,233.45,264.3,7.39,7.4,15364.45,15401.25,0.015,5.36,0.0
1,sglang,python-grpc,smg-grpc,"SGLang gRPC servicer, Python implementation, behind smg gRPC mode",c32-i1024-o256,2,768,0,10.875,2785.05,11139.9,532.2,777.8499999999999,9.45,10.945,2935.6,2951.65,5.27,7.0600000000000005,0.09
1,sglang,rust-grpc,smg-grpc,"SGLang gRPC servicer, Rust implementation, behind smg gRPC mode",c32-i1024-o256,2,768,0,10.92,2795.15,11180.3,526.5,771.75,9.445,10.940000000000001,2924.5,2945.2,2.835,6.895,0.18
1,vllm,python-grpc,smg-grpc,"vLLM gRPC servicer, Python implementation, behind smg gRPC mode",c32-i1024-o256,2,768,0,10.86,2780.3,11121.099999999999,752.15,1030.3,8.41,9.51,2906.25,3176.5,4.755,6.4399999999999995,2.21
1,vllm,rust-grpc,smg-grpc,"vLLM gRPC servicer, Rust implementation, behind smg gRPC mode",c32-i1024-o256,2,768,0,10.825,2771.35,11085.2,788.25,977.0999999999999,8.42,9.4,2952.15,3125.5,3.725,7.24,4.71
1,tokenspeed,python-grpc,smg-grpc,"TokenSpeed gRPC servicer, Python implementation, behind smg gRPC mode",c32-i1024-o256,2,768,0,10.42,2667.55,10669.85,399.70000000000005,1202.6,10.3,13.2,3009.1,3554.75,5.77,6.54,3.07
1,tokenspeed,rust-grpc,smg-grpc,"TokenSpeed gRPC servicer, Rust implementation, behind smg gRPC mode",c32-i1024-o256,2,768,0,10.605,2714.5,10857.900000000001,382.5,722.15,10.3,11.504999999999999,3003.55,3085.55,5.765000000000001,7.209999999999999,0.09
1,sglang,native-http,direct,"SGLang native HTTP server, direct",c32-i1024-o256,2,768,0,10.855,2779.3,11116.9,747.3,796.45,8.56,11.065,2947.4,2976.25,5.4399999999999995,0,0.28
1,sglang,native-http,smg-http,"SGLang native HTTP server, behind smg HTTP mode",c32-i1024-o256,2,768,0,10.84,2775.0,11099.8,746.25,801.85,8.57,11.079999999999998,2948.8999999999996,2980.7,5.77,4.425,0.18
1,vllm,native-http,direct,"vLLM native HTTP server, direct",c32-i1024-o256,2,768,0,10.765,2756.0,11023.85,777.1500000000001,1076.9499999999998,8.42,9.785,2964.05,3208.95,5.9350000000000005,0,3.81
1,vllm,native-http,smg-http,"vLLM native HTTP server, behind smg HTTP mode",c32-i1024-o256,2,768,0,10.805,2766.6499999999996,11066.15,793.55,990.6500000000001,8.385,9.565000000000001,2971.45,3120.45,6.365,4.33,0.65
1,vllm,rust-frontend,direct,"vLLM Rust frontend, direct",c32-i1024-o256,2,768,0,10.655,2727.1,10908.349999999999,793.4000000000001,1079.55,8.42,9.555,2989.15,3305.2,0.01,0,2.35
1,vllm,rust-frontend,smg-http,"vLLM Rust frontend, behind smg HTTP mode",c32-i1024-o256,2,768,0,10.365,2653.15,10612.25,876.45,1153.4,8.425,9.635000000000002,3106.5,3329.45,0.005,4.07,0.87
1,sglang,python-grpc,smg-grpc,"SGLang gRPC servicer, Python implementation, behind smg gRPC mode",c32-i4096-o256,2,512,0,5.5649999999999995,1425.15,22801.9,1763.1999999999998,3157.1000000000004,15.600000000000001,21.72,5741.0,5761.65,4.165,9.27,0.18
1,sglang,rust-grpc,smg-grpc,"SGLang gRPC servicer, Rust implementation, behind smg gRPC mode",c32-i4096-o256,2,512,0,5.58,1428.2,22851.9,1737.0,3143.05,15.655000000000001,21.715,5727.8,5746.799999999999,2.425,9.155000000000001,0.0
1,vllm,python-grpc,smg-grpc,"vLLM gRPC servicer, Python implementation, behind smg gRPC mode",c32-i4096-o256,2,512,0,6.380000000000001,1633.8000000000002,26140.5,1740.25,2739.1499999999996,12.655,16.93,4976.299999999999,6091.2,3.5999999999999996,9.075,0.63
1,vllm,rust-grpc,smg-grpc,"vLLM gRPC servicer, Rust implementation, behind smg gRPC mode",c32-i4096-o256,2,512,0,6.449999999999999,1651.15,26418.25,1719.2,2667.65,12.65,16.86,4940.35,5971.3,2.5999999999999996,9.530000000000001,0.62
1,tokenspeed,python-grpc,smg-grpc,"TokenSpeed gRPC servicer, Python implementation, behind smg gRPC mode",c32-i4096-o256,2,512,0,6.08,1555.8,24892.35,1436.0,2671.55,14.94,19.86,5254.8,5313.75,3.8449999999999998,9.215,0.33
1,tokenspeed,rust-grpc,smg-grpc,"TokenSpeed gRPC servicer, Rust implementation, behind smg gRPC mode",c32-i4096-o256,2,512,0,6.045,1548.45,24774.85,1440.2,2677.95,14.995,20.060000000000002,5269.4,5379.65,4.645,9.08,0.83
1,sglang,native-http,direct,"SGLang native HTTP server, direct",c32-i4096-o256,2,512,0,5.59,1431.7,22906.45,1743.6,3139.8,15.565000000000001,20.85,5717.1,5742.75,6.17,0,0.0
1,sglang,native-http,smg-http,"SGLang native HTTP server, behind smg HTTP mode",c32-i4096-o256,2,512,0,5.59,1431.1,22897.449999999997,1740.65,3140.6499999999996,15.59,20.884999999999998,5718.6,5738.45,6.13,3.195,0.0
1,vllm,native-http,direct,"vLLM native HTTP server, direct",c32-i4096-o256,2,512,0,6.415,1642.1999999999998,26275.35,1607.35,2685.35,13.23,16.895,4965.5,6128.85,7.709999999999999,0,0.47
1,vllm,native-http,smg-http,"vLLM native HTTP server, behind smg HTTP mode",c32-i4096-o256,2,512,0,6.445,1650.35,26405.550000000003,1544.1,2591.05,13.46,16.775,4954.3,6031.6,7.1899999999999995,3.96,0.16
1,vllm,rust-frontend,direct,"vLLM Rust frontend, direct",c32-i4096-o256,2,512,0,6.46,1653.75,26460.3,1050.25,2655.1,15.275,17.165,4941.75,6706.95,0.0,0,6.19
1,vllm,rust-frontend,smg-http,"vLLM Rust frontend, behind smg HTTP mode",c32-i4096-o256,2,512,0,6.55,1676.65,26826.1,1018.65,2526.3,15.195,17.07,4869.9,6645.15,0.005,2.7199999999999998,0.92
1,sglang,python-grpc,smg-grpc,"SGLang gRPC servicer, Python implementation, behind smg gRPC mode",c64-i2048-o1024,2,384,0,4.095,4192.95,8385.85,1660.9499999999998,2991.8,13.63,15.065000000000001,15601.7,15693.599999999999,10.095,10.905000000000001,0.24
1,sglang,rust-grpc,smg-grpc,"SGLang gRPC servicer, Rust implementation, behind smg gRPC mode",c64-i2048-o1024,2,384,0,4.09,4184.15,8368.2,1733.4,2975.9,13.52,15.2,15625.95,15791.95,4.585,11.795,0.49
1,vllm,python-grpc,smg-grpc,"vLLM gRPC servicer, Python implementation, behind smg gRPC mode",c64-i2048-o1024,2,384,0,4.46,4567.799999999999,9135.599999999999,1463.85,2647.95,12.59,13.280000000000001,14307.95,15804.2,8.84,10.11,0.0
1,vllm,rust-grpc,smg-grpc,"vLLM gRPC servicer, Rust implementation, behind smg gRPC mode",c64-i2048-o1024,2,384,0,4.475,4581.0,9161.95,1566.2,2564.2,12.455,13.28,14274.45,15535.25,5.16,13.92,0.22
1,tokenspeed,python-grpc,smg-grpc,"TokenSpeed gRPC servicer, Python implementation, behind smg gRPC mode",c64-i2048-o1024,2,384,0,4.27,4372.4,8744.65,1407.3,2666.5,13.215,14.51,14978.3,15034.95,10.82,10.735,0.0
1,tokenspeed,rust-grpc,smg-grpc,"TokenSpeed gRPC servicer, Rust implementation, behind smg gRPC mode",c64-i2048-o1024,2,384,0,4.25,4356.05,8711.95,1419.0,2676.8,13.260000000000002,14.565,15035.25,15133.6,10.625,11.26,0.47
1,sglang,native-http,direct,"SGLang native HTTP server, direct",c64-i2048-o1024,2,384,0,4.105,4207.549999999999,8415.0,1718.8,2980.05,13.48,14.97,15577.75,15641.349999999999,9.245000000000001,0,0.24
1,sglang,native-http,smg-http,"SGLang native HTTP server, behind smg HTTP mode",c64-i2048-o1024,2,384,0,4.105,4203.1,8406.2,1760.6,2972.2,13.504999999999999,15.05,15566.55,15658.05,9.8,7.56,0.24
1,vllm,native-http,direct,"vLLM native HTTP server, direct",c64-i2048-o1024,2,384,0,4.44,4548.4,9096.7,1382.0,2826.8999999999996,12.67,13.315,14341.75,16086.7,9.08,0,0.0
1,vllm,native-http,smg-http,"vLLM native HTTP server, behind smg HTTP mode",c64-i2048-o1024,2,384,0,4.475,4581.1,9161.95,1343.55,2619.55,12.625,13.305,14261.0,15799.849999999999,8.665,7.715,0.67
1,vllm,rust-frontend,direct,"vLLM Rust frontend, direct",c64-i2048-o1024,2,384,0,4.395,4502.35,9004.7,1156.5500000000002,2769.6,13.015,13.545,14509.95,16326.15,0.0,0,2.05
1,vllm,rust-frontend,smg-http,"vLLM Rust frontend, behind smg HTTP mode",c64-i2048-o1024,2,384,0,4.455,4560.55,9121.1,1113.15,2565.75,12.94,13.43,14360.85,16082.0,0.005,7.75,1.12
1,sglang,python-grpc,smg-grpc,"SGLang gRPC servicer, Python implementation, behind smg gRPC mode",c64-i8192-o256,2,256,0,3.275,838.75,26839.449999999997,7534.95,14378.85,46.94,74.825,19513.35,19571.35,2.0199999999999996,7.390000000000001,0.31
1,sglang,rust-grpc,smg-grpc,"SGLang gRPC servicer, Rust implementation, behind smg gRPC mode",c64-i8192-o256,2,256,0,3.285,840.7,26901.4,7467.85,14311.95,47.225,74.725,19449.300000000003,19552.25,1.18,7.6850000000000005,0.3
1,vllm,python-grpc,smg-grpc,"vLLM gRPC servicer, Python implementation, behind smg gRPC mode",c64-i8192-o256,2,256,0,4.705,1204.55,38544.35,2214.2,10123.55,43.665,49.675,13430.95,21731.5,1.705,7.295,1.06
1,vllm,rust-grpc,smg-grpc,"vLLM gRPC servicer, Rust implementation, behind smg gRPC mode",c64-i8192-o256,2,256,0,4.72,1207.65,38645.75,2069.45,10082.099999999999,44.185,49.629999999999995,13384.9,21756.4,1.115,7.77,1.69
1,tokenspeed,python-grpc,smg-grpc,"TokenSpeed gRPC servicer, Python implementation, behind smg gRPC mode",c64-i8192-o256,2,256,0,4.215,1079.95,34558.850000000006,5566.6,10903.849999999999,37.48,58.29,15149.95,15254.849999999999,2.03,7.355,0.71
1,tokenspeed,rust-grpc,smg-grpc,"TokenSpeed gRPC servicer, Rust implementation, behind smg gRPC mode",c64-i8192-o256,2,256,0,4.220000000000001,1080.75,34583.55,5571.4,10888.35,37.495000000000005,58.16,15140.45,15252.900000000001,2.605,6.96,0.47
1,sglang,native-http,direct,"SGLang native HTTP server, direct",c64-i8192-o256,2,256,0,3.295,843.8,27001.9,7459.700000000001,14281.9,46.86,69.955,19401.7,19486.050000000003,4.615,0,0.3
1,sglang,native-http,smg-http,"SGLang native HTTP server, behind smg HTTP mode",c64-i8192-o256,2,256,0,3.295,843.0,26976.5,7489.4,14312.45,46.89,73.755,19420.2,19497.300000000003,5.08,1.425,0.3
1,vllm,native-http,direct,"vLLM native HTTP server, direct",c64-i8192-o256,2,256,0,4.715,1206.55,38609.25,1932.9,10042.55,45.019999999999996,49.39,13397.15,21942.7,5.97,0,0.64
1,vllm,native-http,smg-http,"vLLM native HTTP server, behind smg HTTP mode",c64-i8192-o256,2,256,0,4.725,1210.5,38735.95,2074.95,9991.2,44.285,49.21,13365.1,21704.05,6.029999999999999,2.185,0.21
1,vllm,rust-frontend,direct,"vLLM Rust frontend, direct",c64-i8192-o256,2,256,0,4.68,1198.6,38355.399999999994,1513.8,10180.2,47.19,49.745000000000005,13486.95,22678.65,0.005,0,2.56
1,vllm,rust-frontend,smg-http,"vLLM Rust frontend, behind smg HTTP mode",c64-i8192-o256,2,256,0,4.725,1210.05,38721.5,1506.6,9981.55,47.05,49.545,13351.5,22448.65,0.005,1.6600000000000001,0.63
1,sglang,python-grpc,smg-grpc,"SGLang gRPC servicer, Python implementation, behind smg gRPC mode",c128-i1024-o256,2,2048,0,17.615000000000002,4509.799999999999,18038.949999999997,1592.95,3419.45,21.71,26.740000000000002,7127.8,8170.450000000001,13.835,18.145000000000003,1.31
1,sglang,rust-grpc,smg-grpc,"SGLang gRPC servicer, Rust implementation, behind smg gRPC mode",c128-i1024-o256,2,2048,0,17.155,4391.7,17566.65,1822.8,3321.8500000000004,21.54,27.535,7364.5,7808.65,9.004999999999999,22.425,0.06
1,vllm,python-grpc,smg-grpc,"vLLM gRPC servicer, Python implementation, behind smg gRPC mode",c128-i1024-o256,2,2048,0,19.78,5063.15,20252.4,1370.75,2764.2,19.71,22.57,6387.0,7931.3,14.825,16.43,2.02
1,vllm,rust-grpc,smg-grpc,"vLLM gRPC servicer, Rust implementation, behind smg gRPC mode",c128-i1024-o256,2,2048,0,19.89,5090.65,20362.2,1357.8000000000002,2766.45,19.84,22.205,6394.450000000001,7997.45,5.53,24.990000000000002,1.41
1,tokenspeed,python-grpc,smg-grpc,"TokenSpeed gRPC servicer, Python implementation, behind smg gRPC mode",c128-i1024-o256,2,2048,0,17.05,4364.799999999999,17459.050000000003,1715.0500000000002,3157.1,22.3,28.104999999999997,7469.75,7955.85,15.7,18.285,0.82
1,tokenspeed,rust-grpc,smg-grpc,"TokenSpeed gRPC servicer, Rust implementation, behind smg gRPC mode",c128-i1024-o256,2,2048,0,16.84,4311.049999999999,17243.9,1822.1,3278.8,22.2,28.895000000000003,7534.6,8078.2,13.3,20.105,1.54
1,sglang,native-http,direct,"SGLang native HTTP server, direct",c128-i1024-o256,2,2048,0,17.585,4502.2,18008.35,1517.7,3437.2,22.295,27.66,7284.5,7863.95,16.994999999999997,0,0.74
1,sglang,native-http,smg-http,"SGLang native HTTP server, behind smg HTTP mode",c128-i1024-o256,2,2048,0,17.424999999999997,4461.0,17843.45,1545.3,3379.7,22.465,27.955,7374.049999999999,7851.85,17.03,10.82,0.29
1,vllm,native-http,direct,"vLLM native HTTP server, direct",c128-i1024-o256,2,2048,0,19.515,4996.75,19986.75,1281.25,3184.1000000000004,20.28,23.535,6459.200000000001,8668.400000000001,16.72,0,2.0
1,vllm,native-http,smg-http,"vLLM native HTTP server, behind smg HTTP mode",c128-i1024-o256,2,2048,0,19.799999999999997,5068.200000000001,20272.550000000003,1380.9,2788.7,19.755,22.14,6418.95,7826.75,16.86,13.01,2.42
1,vllm,rust-frontend,direct,"vLLM Rust frontend, direct",c128-i1024-o256,2,2048,0,20.365,5213.5,20853.5,1103.6,2702.0,20.240000000000002,21.845,6222.65,8206.1,0.005,0,1.23
1,vllm,rust-frontend,smg-http,"vLLM Rust frontend, behind smg HTTP mode",c128-i1024-o256,2,2048,0,20.225,5177.950000000001,20711.25,1077.9499999999998,2595.2,20.41,22.14,6265.0,8043.5,0.005,10.004999999999999,2.42
1,sglang,python-grpc,smg-grpc,"SGLang gRPC servicer, Python implementation, behind smg gRPC mode",c256-i1024-o256,2,4096,0,18.814999999999998,4817.2,19268.5,8174.049999999999,10573.3,21.975,26.945,14136.0,15682.5,28.634999999999998,39.025000000000006,0.9
1,sglang,rust-grpc,smg-grpc,"SGLang gRPC servicer, Rust implementation, behind smg gRPC mode",c256-i1024-o256,2,4096,0,18.729999999999997,4795.700000000001,19182.449999999997,8277.099999999999,10168.0,22.11,27.175,14249.349999999999,15378.9,17.585,49.575,0.11
1,vllm,python-grpc,smg-grpc,"vLLM gRPC servicer, Python implementation, behind smg gRPC mode",c256-i1024-o256,2,4096,0,19.689999999999998,5041.25,20164.65,1343.75,7726.6,47.195,51.685,13335.5,20278.75,31.55,35.055,31.49
1,vllm,rust-grpc,smg-grpc,"vLLM gRPC servicer, Rust implementation, behind smg gRPC mode",c256-i1024-o256,2,4096,0,20.035,5128.5,20513.55,1313.7,6916.299999999999,45.364999999999995,48.614999999999995,12917.95,19027.199999999997,13.835,49.245000000000005,24.71
1,tokenspeed,python-grpc,smg-grpc,"TokenSpeed gRPC servicer, Python implementation, behind smg gRPC mode",c256-i1024-o256,2,4096,0,18.85,4825.1,19300.1,5368.65,10180.2,28.869999999999997,34.599999999999994,13009.05,17267.05,32.61,38.345,1.49
1,tokenspeed,rust-grpc,smg-grpc,"TokenSpeed gRPC servicer, Rust implementation, behind smg gRPC mode",c256-i1024-o256,2,4096,0,18.955,4852.4,19409.35,5340.700000000001,10158.05,28.845,34.195,12865.2,17140.5,35.2,35.015,0.16
1,sglang,native-http,direct,"SGLang native HTTP server, direct",c256-i1024-o256,2,4096,18,18.78,4808.2,19232.5,8322.45,10321.7,21.73,26.115000000000002,14247.55,15238.0,34.875,0,0.0
1,sglang,native-http,smg-http,"SGLang native HTTP server, behind smg HTTP mode",c256-i1024-o256,2,4096,0,18.82,4818.65,19274.15,8331.65,10160.3,21.61,26.235,14235.8,15069.75,35.345,24.560000000000002,0.0
1,vllm,native-http,direct,"vLLM native HTTP server, direct",c256-i1024-o256,2,4096,0,23.085,5910.4,23641.1,1236.0,5585.0,37.785,39.7,10880.55,14982.3,30.045,0,0.48
1,vllm,native-http,smg-http,"vLLM native HTTP server, behind smg HTTP mode",c256-i1024-o256,2,4096,0,22.905,5863.1,23452.05,1398.3000000000002,5545.85,37.69,40.135,11033.4,15249.400000000001,30.21,26.205,0.13
1,vllm,rust-frontend,direct,"vLLM Rust frontend, direct",c256-i1024-o256,2,4096,0,22.72,5816.3,23264.9,1213.85,5404.25,38.66,40.675,11070.150000000001,15239.55,0.015,0,2.11
1,vllm,rust-frontend,smg-http,"vLLM Rust frontend, behind smg HTTP mode",c256-i1024-o256,2,4096,0,23.015,5891.4,23565.15,1442.4499999999998,5422.0,37.515,39.81,10944.05,14975.15,0.01,22.48,0.3
